trial	Category	Subcategory	tarnb	Example	tarloc	tarname	dist1name	dist2name	exemplar1	exemplar2	exemplar3	exemplar4	exemplar5	exemplar6	Task
1	Butterflies	AfricanGrassBlue	1	1	1	AfricanGrassBlue_1.bmp	AllardsBlue_1.bmp	AtlasBlue_2.bmp	AfricanGrassBlue_1.bmp	AlpineArgus_1.bmp	AmericanCopper_1.bmp	CabbageWhite_1.bmp	PipevineSwallowtail_1.bmp	SpicebushSwallowtail_1.bmp	Same
2	Butterflies	AlpineArgus	2	1	3	AlpineArgus_1.bmp	Pine_1.bmp	SpringAzure_1.bmp	AfricanGrassBlue_1.bmp	AlpineArgus_1.bmp	AmericanCopper_1.bmp	CabbageWhite_1.bmp	PipevineSwallowtail_1.bmp	SpicebushSwallowtail_1.bmp	Same
3	Butterflies	AmericanCopper	3	1	2	AmericanCopper_1.bmp	Cardinal_1.bmp	Aphrodite_1.bmp	AfricanGrassBlue_1.bmp	AlpineArgus_1.bmp	AmericanCopper_1.bmp	CabbageWhite_1.bmp	PipevineSwallowtail_1.bmp	SpicebushSwallowtail_1.bmp	Same
4	Butterflies	CabbageWhite	4	1	2	CabbageWhite_1.bmp	Dryad_2.bmp	Dogface_2.bmp	AfricanGrassBlue_1.bmp	AlpineArgus_1.bmp	AmericanCopper_1.bmp	CabbageWhite_1.bmp	PipevineSwallowtail_1.bmp	SpicebushSwallowtail_1.bmp	Same
5	Butterflies	PipevineSwallowtail	5	1	1	PipevineSwallowtail_1.bmp	PiedmontRinglet_2.bmp	RedAdmiral_2.bmp	AfricanGrassBlue_1.bmp	AlpineArgus_1.bmp	AmericanCopper_1.bmp	CabbageWhite_1.bmp	PipevineSwallowtail_1.bmp	SpicebushSwallowtail_1.bmp	Same
6	Butterflies	SpicebushSwallowtail	6	1	1	SpicebushSwallowtail_1.bmp	EasternBlackSwallowtail_1.bmp	SilverSpottedSkipper_2.bmp	AfricanGrassBlue_1.bmp	AlpineArgus_1.bmp	AmericanCopper_1.bmp	CabbageWhite_1.bmp	PipevineSwallowtail_1.bmp	SpicebushSwallowtail_1.bmp	Same
7	Butterflies	AfricanGrassBlue	1	1	1	AfricanGrassBlue_1.bmp	AllardsBlue_2.bmp	OrangeSulphur_1.bmp	AfricanGrassBlue_1.bmp	AlpineArgus_1.bmp	AmericanCopper_1.bmp	CabbageWhite_1.bmp	PipevineSwallowtail_1.bmp	SpicebushSwallowtail_1.bmp	Same
8	Butterflies	AlpineArgus	2	1	2	AlpineArgus_1.bmp	AllardsBlue_1.bmp	PoplarAdmiral_2.bmp	AfricanGrassBlue_1.bmp	AlpineArgus_1.bmp	AmericanCopper_1.bmp	CabbageWhite_1.bmp	PipevineSwallowtail_1.bmp	SpicebushSwallowtail_1.bmp	Same
9	Butterflies	AmericanCopper	3	1	3	AmericanCopper_1.bmp	GulfFritillary_1.bmp	LatticeBrown_1.bmp	AfricanGrassBlue_1.bmp	AlpineArgus_1.bmp	AmericanCopper_1.bmp	CabbageWhite_1.bmp	PipevineSwallowtail_1.bmp	SpicebushSwallowtail_1.bmp	Same
10	Butterflies	CabbageWhite	4	1	2	CabbageWhite_1.bmp	MoorlandCloudedYellow_1.bmp	PiedmontRinglet_2.bmp	AfricanGrassBlue_1.bmp	AlpineArgus_1.bmp	AmericanCopper_1.bmp	CabbageWhite_1.bmp	PipevineSwallowtail_1.bmp	SpicebushSwallowtail_1.bmp	Same
11	Butterflies	PipevineSwallowtail	5	1	2	PipevineSwallowtail_1.bmp	EasternBlackSwallowtail_1.bmp	GreatSpangledFritillary_2.bmp	AfricanGrassBlue_1.bmp	AlpineArgus_1.bmp	AmericanCopper_1.bmp	CabbageWhite_1.bmp	PipevineSwallowtail_1.bmp	SpicebushSwallowtail_1.bmp	Same
12	Butterflies	SpicebushSwallowtail	6	1	1	SpicebushSwallowtail_1.bmp	EasternBlackSwallowtail_2.bmp	GiantSwallowtail_2.bmp	AfricanGrassBlue_1.bmp	AlpineArgus_1.bmp	AmericanCopper_1.bmp	CabbageWhite_1.bmp	PipevineSwallowtail_1.bmp	SpicebushSwallowtail_1.bmp	Same
13	Butterflies	AfricanGrassBlue	1	3	2	AfricanGrassBlue_3.bmp	Apollo_2.bmp	GulfFritillary_2.bmp	AfricanGrassBlue_1.bmp	AlpineArgus_1.bmp	AmericanCopper_1.bmp	CabbageWhite_1.bmp	PipevineSwallowtail_1.bmp	SpicebushSwallowtail_1.bmp	Different
14	Butterflies	AlpineArgus	2	2	2	AlpineArgus_2.bmp	SpringAzure_2.bmp	GrayHairstreak_1.bmp	AfricanGrassBlue_1.bmp	AlpineArgus_1.bmp	AmericanCopper_1.bmp	CabbageWhite_1.bmp	PipevineSwallowtail_1.bmp	SpicebushSwallowtail_1.bmp	Different
15	Butterflies	AmericanCopper	3	2	3	AmericanCopper_2.bmp	GreatSpangledFritillary_1.bmp	Cardinal_2.bmp	AfricanGrassBlue_1.bmp	AlpineArgus_1.bmp	AmericanCopper_1.bmp	CabbageWhite_1.bmp	PipevineSwallowtail_1.bmp	SpicebushSwallowtail_1.bmp	Different
16	Butterflies	CabbageWhite	4	4	1	CabbageWhite_4.bmp	Cleopatra_1.bmp	Dryad_2.bmp	AfricanGrassBlue_1.bmp	AlpineArgus_1.bmp	AmericanCopper_1.bmp	CabbageWhite_1.bmp	PipevineSwallowtail_1.bmp	SpicebushSwallowtail_1.bmp	Different
17	Butterflies	AmericanCopper	3	3	1	AmericanCopper_3.bmp	GreenComma_2.bmp	Aphrodite_2.bmp	AfricanGrassBlue_1.bmp	AlpineArgus_1.bmp	AmericanCopper_1.bmp	CabbageWhite_1.bmp	PipevineSwallowtail_1.bmp	SpicebushSwallowtail_1.bmp	Different
18	Butterflies	AlpineArgus	2	3	2	AlpineArgus_3.bmp	MoroccanWallBrown_1.bmp	TailedBlue_1.bmp	AfricanGrassBlue_1.bmp	AlpineArgus_1.bmp	AmericanCopper_1.bmp	CabbageWhite_1.bmp	PipevineSwallowtail_1.bmp	SpicebushSwallowtail_1.bmp	Different
19	Butterflies	AfricanGrassBlue	1	2	3	AfricanGrassBlue_2.bmp	AtlasBlue_1.bmp	AllardsBlue_2.bmp	AfricanGrassBlue_1.bmp	AlpineArgus_1.bmp	AmericanCopper_1.bmp	CabbageWhite_1.bmp	PipevineSwallowtail_1.bmp	SpicebushSwallowtail_1.bmp	Different
20	Butterflies	SpicebushSwallowtail	6	2	1	SpicebushSwallowtail_2.bmp	SilverSpottedSkipper_1.bmp	EasternBlackSwallowtail_2.bmp	AfricanGrassBlue_1.bmp	AlpineArgus_1.bmp	AmericanCopper_1.bmp	CabbageWhite_1.bmp	PipevineSwallowtail_1.bmp	SpicebushSwallowtail_1.bmp	Different
21	Butterflies	PipevineSwallowtail	5	4	3	PipevineSwallowtail_4.bmp	BaltimoreCheckerspot_1.bmp	BaltimoreCheckerspot_2.bmp	AfricanGrassBlue_1.bmp	AlpineArgus_1.bmp	AmericanCopper_1.bmp	CabbageWhite_1.bmp	PipevineSwallowtail_1.bmp	SpicebushSwallowtail_1.bmp	Different
22	Butterflies	SpicebushSwallowtail	6	4	2	SpicebushSwallowtail_4.bmp	RedSpottedPurple_1.bmp	GiantSwallowtail_2.bmp	AfricanGrassBlue_1.bmp	AlpineArgus_1.bmp	AmericanCopper_1.bmp	CabbageWhite_1.bmp	PipevineSwallowtail_1.bmp	SpicebushSwallowtail_1.bmp	Different
23	Butterflies	PipevineSwallowtail	5	3	3	PipevineSwallowtail_3.bmp	PiedmontRinglet_1.bmp	CamberwellBeauty_2.bmp	AfricanGrassBlue_1.bmp	AlpineArgus_1.bmp	AmericanCopper_1.bmp	CabbageWhite_1.bmp	PipevineSwallowtail_1.bmp	SpicebushSwallowtail_1.bmp	Different
24	Butterflies	CabbageWhite	4	3	2	CabbageWhite_3.bmp	CloudlessSulphur_2.bmp	Cleopatra_2.bmp	AfricanGrassBlue_1.bmp	AlpineArgus_1.bmp	AmericanCopper_1.bmp	CabbageWhite_1.bmp	PipevineSwallowtail_1.bmp	SpicebushSwallowtail_1.bmp	Different
25	Butterflies	AmericanCopper	3	4	1	AmericanCopper_4.bmp	GreatSpangledFritillary_2.bmp	GreenComma_1.bmp	AfricanGrassBlue_1.bmp	AlpineArgus_1.bmp	AmericanCopper_1.bmp	CabbageWhite_1.bmp	PipevineSwallowtail_1.bmp	SpicebushSwallowtail_1.bmp	Different
26	Butterflies	CabbageWhite	4	2	3	CabbageWhite_2.bmp	OrangeSulphur_1.bmp	CloudlessSulphur_1.bmp	AfricanGrassBlue_1.bmp	AlpineArgus_1.bmp	AmericanCopper_1.bmp	CabbageWhite_1.bmp	PipevineSwallowtail_1.bmp	SpicebushSwallowtail_1.bmp	Different
27	Butterflies	AfricanGrassBlue	1	4	2	AfricanGrassBlue_4.bmp	TailedBlue_2.bmp	Apollo_1.bmp	AfricanGrassBlue_1.bmp	AlpineArgus_1.bmp	AmericanCopper_1.bmp	CabbageWhite_1.bmp	PipevineSwallowtail_1.bmp	SpicebushSwallowtail_1.bmp	Different
28	Butterflies	PipevineSwallowtail	5	2	2	PipevineSwallowtail_2.bmp	RedAdmiral_1.bmp	PoplarAdmiral_2.bmp	AfricanGrassBlue_1.bmp	AlpineArgus_1.bmp	AmericanCopper_1.bmp	CabbageWhite_1.bmp	PipevineSwallowtail_1.bmp	SpicebushSwallowtail_1.bmp	Different
29	Butterflies	AlpineArgus	2	4	1	AlpineArgus_4.bmp	OrangeSulphur_2.bmp	MoorlandCloudedYellow_2.bmp	AfricanGrassBlue_1.bmp	AlpineArgus_1.bmp	AmericanCopper_1.bmp	CabbageWhite_1.bmp	PipevineSwallowtail_1.bmp	SpicebushSwallowtail_1.bmp	Different
30	Butterflies	SpicebushSwallowtail	6	3	2	SpicebushSwallowtail_3.bmp	GiantSwallowtail_1.bmp	TailedBlue_2.bmp	AfricanGrassBlue_1.bmp	AlpineArgus_1.bmp	AmericanCopper_1.bmp	CabbageWhite_1.bmp	PipevineSwallowtail_1.bmp	SpicebushSwallowtail_1.bmp	Different
31	Butterflies	AfricanGrassBlue	1	3	1	AfricanGrassBlue_3.bmp	AtlasBlue_1.bmp	SpringAzure_2.bmp	AfricanGrassBlue_1.bmp	AlpineArgus_1.bmp	AmericanCopper_1.bmp	CabbageWhite_1.bmp	PipevineSwallowtail_1.bmp	SpicebushSwallowtail_1.bmp	Different
32	Butterflies	AlpineArgus	2	2	2	AlpineArgus_2.bmp	RedAdmiral_2.bmp	MoorlandCloudedYellow_2.bmp	AfricanGrassBlue_1.bmp	AlpineArgus_1.bmp	AmericanCopper_1.bmp	CabbageWhite_1.bmp	PipevineSwallowtail_1.bmp	SpicebushSwallowtail_1.bmp	Different
33	Butterflies	AmericanCopper	3	2	3	AmericanCopper_2.bmp	Aphrodite_1.bmp	Aphrodite_2.bmp	AfricanGrassBlue_1.bmp	AlpineArgus_1.bmp	AmericanCopper_1.bmp	CabbageWhite_1.bmp	PipevineSwallowtail_1.bmp	SpicebushSwallowtail_1.bmp	Different
34	Butterflies	CabbageWhite	4	4	2	CabbageWhite_4.bmp	Cleopatra_2.bmp	Dogface_2.bmp	AfricanGrassBlue_1.bmp	AlpineArgus_1.bmp	AmericanCopper_1.bmp	CabbageWhite_1.bmp	PipevineSwallowtail_1.bmp	SpicebushSwallowtail_1.bmp	Different
35	Butterflies	AmericanCopper	3	3	1	AmericanCopper_3.bmp	MoroccanWallBrown_1.bmp	GulfFritillary_2.bmp	AfricanGrassBlue_1.bmp	AlpineArgus_1.bmp	AmericanCopper_1.bmp	CabbageWhite_1.bmp	PipevineSwallowtail_1.bmp	SpicebushSwallowtail_1.bmp	Different
36	Butterflies	AlpineArgus	2	3	1	AlpineArgus_3.bmp	CloudlessSulphur_1.bmp	GulfFritillary_2.bmp	AfricanGrassBlue_1.bmp	AlpineArgus_1.bmp	AmericanCopper_1.bmp	CabbageWhite_1.bmp	PipevineSwallowtail_1.bmp	SpicebushSwallowtail_1.bmp	Different
37	Butterflies	AfricanGrassBlue	1	2	2	AfricanGrassBlue_2.bmp	AtlasBlue_2.bmp	Pine_1.bmp	AfricanGrassBlue_1.bmp	AlpineArgus_1.bmp	AmericanCopper_1.bmp	CabbageWhite_1.bmp	PipevineSwallowtail_1.bmp	SpicebushSwallowtail_1.bmp	Different
38	Butterflies	SpicebushSwallowtail	6	2	2	SpicebushSwallowtail_2.bmp	CamberwellBeauty_2.bmp	SilverSpottedSkipper_2.bmp	AfricanGrassBlue_1.bmp	AlpineArgus_1.bmp	AmericanCopper_1.bmp	CabbageWhite_1.bmp	PipevineSwallowtail_1.bmp	SpicebushSwallowtail_1.bmp	Different
39	Butterflies	PipevineSwallowtail	5	4	3	PipevineSwallowtail_4.bmp	GrayHairstreak_1.bmp	GreenComma_2.bmp	AfricanGrassBlue_1.bmp	AlpineArgus_1.bmp	AmericanCopper_1.bmp	CabbageWhite_1.bmp	PipevineSwallowtail_1.bmp	SpicebushSwallowtail_1.bmp	Different
40	Butterflies	SpicebushSwallowtail	6	4	1	SpicebushSwallowtail_4.bmp	GiantSwallowtail_1.bmp	PiedmontRinglet_1.bmp	AfricanGrassBlue_1.bmp	AlpineArgus_1.bmp	AmericanCopper_1.bmp	CabbageWhite_1.bmp	PipevineSwallowtail_1.bmp	SpicebushSwallowtail_1.bmp	Different
41	Butterflies	PipevineSwallowtail	5	3	1	PipevineSwallowtail_3.bmp	GreenComma_1.bmp	PiedmontRinglet_2.bmp	AfricanGrassBlue_1.bmp	AlpineArgus_1.bmp	AmericanCopper_1.bmp	CabbageWhite_1.bmp	PipevineSwallowtail_1.bmp	SpicebushSwallowtail_1.bmp	Different
42	Butterflies	CabbageWhite	4	3	2	CabbageWhite_3.bmp	Cleopatra_1.bmp	CloudedSulphur_2.bmp	AfricanGrassBlue_1.bmp	AlpineArgus_1.bmp	AmericanCopper_1.bmp	CabbageWhite_1.bmp	PipevineSwallowtail_1.bmp	SpicebushSwallowtail_1.bmp	Different
43	Butterflies	AmericanCopper	3	4	3	AmericanCopper_4.bmp	Apollo_1.bmp	BaltimoreCheckerspot_2.bmp	AfricanGrassBlue_1.bmp	AlpineArgus_1.bmp	AmericanCopper_1.bmp	CabbageWhite_1.bmp	PipevineSwallowtail_1.bmp	SpicebushSwallowtail_1.bmp	Different
44	Butterflies	CabbageWhite	4	2	1	CabbageWhite_2.bmp	SpringAzure_1.bmp	TailedBlue_1.bmp	AfricanGrassBlue_1.bmp	AlpineArgus_1.bmp	AmericanCopper_1.bmp	CabbageWhite_1.bmp	PipevineSwallowtail_1.bmp	SpicebushSwallowtail_1.bmp	Different
45	Butterflies	AfricanGrassBlue	1	4	2	AfricanGrassBlue_4.bmp	Apollo_2.bmp	RedAdmiral_1.bmp	AfricanGrassBlue_1.bmp	AlpineArgus_1.bmp	AmericanCopper_1.bmp	CabbageWhite_1.bmp	PipevineSwallowtail_1.bmp	SpicebushSwallowtail_1.bmp	Different
46	Butterflies	PipevineSwallowtail	5	2	3	PipevineSwallowtail_2.bmp	RedSpottedPurple_1.bmp	SilverSpottedSkipper_1.bmp	AfricanGrassBlue_1.bmp	AlpineArgus_1.bmp	AmericanCopper_1.bmp	CabbageWhite_1.bmp	PipevineSwallowtail_1.bmp	SpicebushSwallowtail_1.bmp	Different
47	Butterflies	AlpineArgus	2	4	3	AlpineArgus_4.bmp	Cardinal_1.bmp	Cardinal_2.bmp	AfricanGrassBlue_1.bmp	AlpineArgus_1.bmp	AmericanCopper_1.bmp	CabbageWhite_1.bmp	PipevineSwallowtail_1.bmp	SpicebushSwallowtail_1.bmp	Different
48	Butterflies	SpicebushSwallowtail	6	3	2	SpicebushSwallowtail_3.bmp	BaltimoreCheckerspot_1.bmp	GreatSpangledFritillary_1.bmp	AfricanGrassBlue_1.bmp	AlpineArgus_1.bmp	AmericanCopper_1.bmp	CabbageWhite_1.bmp	PipevineSwallowtail_1.bmp	SpicebushSwallowtail_1.bmp	Different
49	Cars	AcuraRL	1	1	1	AcuraRL05_1.bmp	AcuraTSX08_2.bmp	MitsubishiGalant08.bmp	AcuraRL05_1.bmp	AudiA406_1.bmp	BMW3coupe07_1.bmp	ChevroletCobalt06_1.bmp	HondaAccord07_1.bmp	LincolnMKS08_1.bmp	Same
50	Cars	AudiA4	2	1	3	AudiA406_1.bmp	HyundaiAzera06.bmp	HyundaiAzera07.bmp	AcuraRL05_1.bmp	AudiA406_1.bmp	BMW3coupe07_1.bmp	ChevroletCobalt06_1.bmp	HondaAccord07_1.bmp	LincolnMKS08_1.bmp	Same
51	Cars	BMW3coupe	3	1	2	BMW3coupe07_1.bmp	BMW5series07_1.bmp	BuickLacrosse05_1.bmp	AcuraRL05_1.bmp	AudiA406_1.bmp	BMW3coupe07_1.bmp	ChevroletCobalt06_1.bmp	HondaAccord07_1.bmp	LincolnMKS08_1.bmp	Same
52	Cars	ChevroletCobalt	4	1	2	ChevroletCobalt06_1.bmp	ChevroletImpala08_2.bmp	InfinitiM08.bmp	AcuraRL05_1.bmp	AudiA406_1.bmp	BMW3coupe07_1.bmp	ChevroletCobalt06_1.bmp	HondaAccord07_1.bmp	LincolnMKS08_1.bmp	Same
53	Cars	HondaAccord	5	1	1	HondaAccord07_1.bmp	HondaCivic07.bmp	HondaCivic08.bmp	AcuraRL05_1.bmp	AudiA406_1.bmp	BMW3coupe07_1.bmp	ChevroletCobalt06_1.bmp	HondaAccord07_1.bmp	LincolnMKS08_1.bmp	Same
54	Cars	LincolnMKS	6	1	1	LincolnMKS08_1.bmp	FordTaurus08.bmp	LincolnMKZ07.bmp	AcuraRL05_1.bmp	AudiA406_1.bmp	BMW3coupe07_1.bmp	ChevroletCobalt06_1.bmp	HondaAccord07_1.bmp	LincolnMKS08_1.bmp	Same
55	Cars	AcuraRL	1	1	1	AcuraRL05_1.bmp	FordFocus05flip_1.bmp	InfinitiG3508.bmp	AcuraRL05_1.bmp	AudiA406_1.bmp	BMW3coupe07_1.bmp	ChevroletCobalt06_1.bmp	HondaAccord07_1.bmp	LincolnMKS08_1.bmp	Same
56	Cars	AudiA4	2	1	2	AudiA406_1.bmp	SaturnAura07.bmp	AcuraTSX08_2.bmp	AcuraRL05_1.bmp	AudiA406_1.bmp	BMW3coupe07_1.bmp	ChevroletCobalt06_1.bmp	HondaAccord07_1.bmp	LincolnMKS08_1.bmp	Same
57	Cars	BMW3coupe	3	1	3	BMW3coupe07_1.bmp	DodgeAvenger08_2.bmp	HyundaiSonata06.bmp	AcuraRL05_1.bmp	AudiA406_1.bmp	BMW3coupe07_1.bmp	ChevroletCobalt06_1.bmp	HondaAccord07_1.bmp	LincolnMKS08_1.bmp	Same
58	Cars	ChevroletCobalt	4	1	2	ChevroletCobalt06_1.bmp	ChevroletMalibu07_1.bmp	HyundaiAzera06.bmp	AcuraRL05_1.bmp	AudiA406_1.bmp	BMW3coupe07_1.bmp	ChevroletCobalt06_1.bmp	HondaAccord07_1.bmp	LincolnMKS08_1.bmp	Same
59	Cars	HondaAccord	5	1	2	HondaAccord07_1.bmp	VolvoS8008.bmp	SuzukiSX408.bmp	AcuraRL05_1.bmp	AudiA406_1.bmp	BMW3coupe07_1.bmp	ChevroletCobalt06_1.bmp	HondaAccord07_1.bmp	LincolnMKS08_1.bmp	Same
60	Cars	LincolnMKS	6	1	1	LincolnMKS08_1.bmp	Corolla09.bmp	MercedesE-Class08.bmp	AcuraRL05_1.bmp	AudiA406_1.bmp	BMW3coupe07_1.bmp	ChevroletCobalt06_1.bmp	HondaAccord07_1.bmp	LincolnMKS08_1.bmp	Same
61	Cars	AcuraRL	1	3	2	AcuraRL09_3.bmp	InfinitiG3508.bmp	NissanAltima08.bmp	AcuraRL05_1.bmp	AudiA406_1.bmp	BMW3coupe07_1.bmp	ChevroletCobalt06_1.bmp	HondaAccord07_1.bmp	LincolnMKS08_1.bmp	Different
62	Cars	AudiA4	2	2	2	AudiA408_2.bmp	ChryslerSebrinJR4104.bmp	ChryslerSebring09_3.bmp	AcuraRL05_1.bmp	AudiA406_1.bmp	BMW3coupe07_1.bmp	ChevroletCobalt06_1.bmp	HondaAccord07_1.bmp	LincolnMKS08_1.bmp	Different
63	Cars	BMW3coupe	3	2	3	BMW3coupe08_2.bmp	BMW5series08_2.bmp	PontiacGrandPrix06.bmp	AcuraRL05_1.bmp	AudiA406_1.bmp	BMW3coupe07_1.bmp	ChevroletCobalt06_1.bmp	HondaAccord07_1.bmp	LincolnMKS08_1.bmp	Different
64	Cars	ChevroletCobalt	4	4	1	ChevroletCobalt09_4.bmp	ChevroletMalibu07_1.bmp	DodgeAvenger06_1.bmp	AcuraRL05_1.bmp	AudiA406_1.bmp	BMW3coupe07_1.bmp	ChevroletCobalt06_1.bmp	HondaAccord07_1.bmp	LincolnMKS08_1.bmp	Different
65	Cars	BMW3coupe	3	3	1	BMW3Coupe09_3.bmp	LexusIS05.bmp	SuzukiSX408.bmp	AcuraRL05_1.bmp	AudiA406_1.bmp	BMW3coupe07_1.bmp	ChevroletCobalt06_1.bmp	HondaAccord07_1.bmp	LincolnMKS08_1.bmp	Different
66	Cars	AudiA4	2	3	2	AudiA409_3.bmp	ChryslerSebring06_1.bmp	ChryslerSebring08_2.bmp	AcuraRL05_1.bmp	AudiA406_1.bmp	BMW3coupe07_1.bmp	ChevroletCobalt06_1.bmp	HondaAccord07_1.bmp	LincolnMKS08_1.bmp	Different
67	Cars	AcuraRL	1	2	3	AcuraRL06_2.bmp	BuickLacrosse08_2.bmp	HyundaiSonata06.bmp	AcuraRL05_1.bmp	AudiA406_1.bmp	BMW3coupe07_1.bmp	ChevroletCobalt06_1.bmp	HondaAccord07_1.bmp	LincolnMKS08_1.bmp	Different
68	Cars	LincolnMKS	6	2	1	LincolnMKS09_2.bmp	CheveroletCavalier03.bmp	MercuryMilan10.bmp	AcuraRL05_1.bmp	AudiA406_1.bmp	BMW3coupe07_1.bmp	ChevroletCobalt06_1.bmp	HondaAccord07_1.bmp	LincolnMKS08_1.bmp	Different
69	Cars	HondaAccord	5	4	3	HondaAccord09_4.bmp	HondaCivic.bmp	MercuryMilan06_2.bmp	AcuraRL05_1.bmp	AudiA406_1.bmp	BMW3coupe07_1.bmp	ChevroletCobalt06_1.bmp	HondaAccord07_1.bmp	LincolnMKS08_1.bmp	Different
70	Cars	LincolnMKS	6	4	2	LincolnMKS09_4.bmp	VolkswagenPassat08.bmp	LexusLS43008.bmp	AcuraRL05_1.bmp	AudiA406_1.bmp	BMW3coupe07_1.bmp	ChevroletCobalt06_1.bmp	HondaAccord07_1.bmp	LincolnMKS08_1.bmp	Different
71	Cars	HondaAccord	5	3	3	HondaAccord09_3.bmp	ChevroletMalibu08_2.bmp	MercuryMilan06.bmp	AcuraRL05_1.bmp	AudiA406_1.bmp	BMW3coupe07_1.bmp	ChevroletCobalt06_1.bmp	HondaAccord07_1.bmp	LincolnMKS08_1.bmp	Different
72	Cars	ChevroletCobalt	4	3	2	ChevroletCobalt09_3.bmp	FordFocus05_1.bmp	LexusIS08.bmp	AcuraRL05_1.bmp	AudiA406_1.bmp	BMW3coupe07_1.bmp	ChevroletCobalt06_1.bmp	HondaAccord07_1.bmp	LincolnMKS08_1.bmp	Different
73	Cars	BMW3coupe	3	4	1	BMW3Coupe09_4.bmp	InfinitiM07.bmp	VolvoS8008.bmp	AcuraRL05_1.bmp	AudiA406_1.bmp	BMW3coupe07_1.bmp	ChevroletCobalt06_1.bmp	HondaAccord07_1.bmp	LincolnMKS08_1.bmp	Different
74	Cars	ChevroletCobalt	4	2	3	ChevroletCobalt08_2.bmp	DodgeAvenger08_2.bmp	PontiacG808.bmp	AcuraRL05_1.bmp	AudiA406_1.bmp	BMW3coupe07_1.bmp	ChevroletCobalt06_1.bmp	HondaAccord07_1.bmp	LincolnMKS08_1.bmp	Different
75	Cars	AcuraRL	1	4	2	AcuraRL09_4.bmp	InfinitiG3507.bmp	LexusGS08.bmp	AcuraRL05_1.bmp	AudiA406_1.bmp	BMW3coupe07_1.bmp	ChevroletCobalt06_1.bmp	HondaAccord07_1.bmp	LincolnMKS08_1.bmp	Different
76	Cars	HondaAccord	5	2	2	HondaAccord08_2.bmp	CadillacCTS07_1.bmp	HyundaiSonata08.bmp	AcuraRL05_1.bmp	AudiA406_1.bmp	BMW3coupe07_1.bmp	ChevroletCobalt06_1.bmp	HondaAccord07_1.bmp	LincolnMKS08_1.bmp	Different
77	Cars	AudiA4	2	4	1	AudiA409_4.bmp	NissanMaxima06.bmp	CheveroletCavalier03.bmp	AcuraRL05_1.bmp	AudiA406_1.bmp	BMW3coupe07_1.bmp	ChevroletCobalt06_1.bmp	HondaAccord07_1.bmp	LincolnMKS08_1.bmp	Different
78	Cars	LincolnMKS	6	3	1	LincolnMKS09_3.bmp	MercuryMilan08.bmp	Chrysler30008_2.bmp	AcuraRL05_1.bmp	AudiA406_1.bmp	BMW3coupe07_1.bmp	ChevroletCobalt06_1.bmp	HondaAccord07_1.bmp	LincolnMKS08_1.bmp	Different
79	Cars	AcuraRL	1	3	1	AcuraRL09_3.bmp	BMW5series07_1.bmp	BuickLacrosse05_1.bmp	AcuraRL05_1.bmp	AudiA406_1.bmp	BMW3coupe07_1.bmp	ChevroletCobalt06_1.bmp	HondaAccord07_1.bmp	LincolnMKS08_1.bmp	Different
80	Cars	AudiA4	2	2	2	AudiA408_2.bmp	BMW5series08_2.bmp	InfinitiM08.bmp	AcuraRL05_1.bmp	AudiA406_1.bmp	BMW3coupe07_1.bmp	ChevroletCobalt06_1.bmp	HondaAccord07_1.bmp	LincolnMKS08_1.bmp	Different
81	Cars	BMW3coupe	3	2	3	BMW3coupe08_2.bmp	Chrysler30008_2.bmp	LexusIS05.bmp	AcuraRL05_1.bmp	AudiA406_1.bmp	BMW3coupe07_1.bmp	ChevroletCobalt06_1.bmp	HondaAccord07_1.bmp	LincolnMKS08_1.bmp	Different
82	Cars	ChevroletCobalt	4	4	2	ChevroletCobalt09_4.bmp	LexusIS08.bmp	MitsubishiGalant08.bmp	AcuraRL05_1.bmp	AudiA406_1.bmp	BMW3coupe07_1.bmp	ChevroletCobalt06_1.bmp	HondaAccord07_1.bmp	LincolnMKS08_1.bmp	Different
83	Cars	BMW3coupe	3	3	2	BMW3Coupe09_3.bmp	BuickLacrosse08_2.bmp	HondaCivic.bmp	AcuraRL05_1.bmp	AudiA406_1.bmp	BMW3coupe07_1.bmp	ChevroletCobalt06_1.bmp	HondaAccord07_1.bmp	LincolnMKS08_1.bmp	Different
84	Cars	AudiA4	2	3	1	AudiA409_3.bmp	MercuryMilan06_2.bmp	MercuryMilan06.bmp	AcuraRL05_1.bmp	AudiA406_1.bmp	BMW3coupe07_1.bmp	ChevroletCobalt06_1.bmp	HondaAccord07_1.bmp	LincolnMKS08_1.bmp	Different
85	Cars	AcuraRL	1	2	2	AcuraRL06_2.bmp	FordTaurus08.bmp	HyundaiSonata08.bmp	AcuraRL05_1.bmp	AudiA406_1.bmp	BMW3coupe07_1.bmp	ChevroletCobalt06_1.bmp	HondaAccord07_1.bmp	LincolnMKS08_1.bmp	Different
86	Cars	LincolnMKS	6	2	2	LincolnMKS09_2.bmp	VolkswagenPassat08.bmp	NissanAltima08.bmp	AcuraRL05_1.bmp	AudiA406_1.bmp	BMW3coupe07_1.bmp	ChevroletCobalt06_1.bmp	HondaAccord07_1.bmp	LincolnMKS08_1.bmp	Different
87	Cars	HondaAccord	5	4	3	HondaAccord09_4.bmp	ChryslerSebring08_2.bmp	ChryslerSebring09_3.bmp	AcuraRL05_1.bmp	AudiA406_1.bmp	BMW3coupe07_1.bmp	ChevroletCobalt06_1.bmp	HondaAccord07_1.bmp	LincolnMKS08_1.bmp	Different
88	Cars	LincolnMKS	6	4	1	LincolnMKS09_4.bmp	HondaCivic07.bmp	MercuryMilan10.bmp	AcuraRL05_1.bmp	AudiA406_1.bmp	BMW3coupe07_1.bmp	ChevroletCobalt06_1.bmp	HondaAccord07_1.bmp	LincolnMKS08_1.bmp	Different
89	Cars	HondaAccord	5	3	1	HondaAccord09_3.bmp	ChryslerSebring06_1.bmp	LexusLS43008.bmp	AcuraRL05_1.bmp	AudiA406_1.bmp	BMW3coupe07_1.bmp	ChevroletCobalt06_1.bmp	HondaAccord07_1.bmp	LincolnMKS08_1.bmp	Different
90	Cars	ChevroletCobalt	4	3	2	ChevroletCobalt09_3.bmp	SaturnAura07.bmp	PontiacG808.bmp	AcuraRL05_1.bmp	AudiA406_1.bmp	BMW3coupe07_1.bmp	ChevroletCobalt06_1.bmp	HondaAccord07_1.bmp	LincolnMKS08_1.bmp	Different
91	Cars	BMW3coupe	3	4	3	BMW3Coupe09_4.bmp	DodgeAvenger06_1.bmp	LexusGS08.bmp	AcuraRL05_1.bmp	AudiA406_1.bmp	BMW3coupe07_1.bmp	ChevroletCobalt06_1.bmp	HondaAccord07_1.bmp	LincolnMKS08_1.bmp	Different
92	Cars	ChevroletCobalt	4	2	1	ChevroletCobalt08_2.bmp	ChevroletImpala08_2.bmp	ChevroletMalibu08_2.bmp	AcuraRL05_1.bmp	AudiA406_1.bmp	BMW3coupe07_1.bmp	ChevroletCobalt06_1.bmp	HondaAccord07_1.bmp	LincolnMKS08_1.bmp	Different
93	Cars	AcuraRL	1	4	3	AcuraRL09_4.bmp	InfinitiM07.bmp	MercedesE-Class08.bmp	AcuraRL05_1.bmp	AudiA406_1.bmp	BMW3coupe07_1.bmp	ChevroletCobalt06_1.bmp	HondaAccord07_1.bmp	LincolnMKS08_1.bmp	Different
94	Cars	HondaAccord	5	2	2	HondaAccord08_2.bmp	HondaCivic08.bmp	MercuryMilan08.bmp	AcuraRL05_1.bmp	AudiA406_1.bmp	BMW3coupe07_1.bmp	ChevroletCobalt06_1.bmp	HondaAccord07_1.bmp	LincolnMKS08_1.bmp	Different
95	Cars	AudiA4	2	4	3	AudiA409_4.bmp	HyundaiAzera07.bmp	InfinitiG3507.bmp	AcuraRL05_1.bmp	AudiA406_1.bmp	BMW3coupe07_1.bmp	ChevroletCobalt06_1.bmp	HondaAccord07_1.bmp	LincolnMKS08_1.bmp	Different
96	Cars	LincolnMKS	6	3	2	LincolnMKS09_3.bmp	CadillacCTS07_1.bmp	ChryslerSebrinJR4104.bmp	AcuraRL05_1.bmp	AudiA406_1.bmp	BMW3coupe07_1.bmp	ChevroletCobalt06_1.bmp	HondaAccord07_1.bmp	LincolnMKS08_1.bmp	Different
97	Leaves	AmericanBasswood	1	1	1	AmericanBasswood_1.bmp	BlackCottonwood_2.bmp	RedMulberry_2.bmp	AmericanBasswood_1.bmp	Apple_1.bmp	BitternutHickory_1.bmp	OsageOrange_5.bmp	Sourwood_5.bmp	SilverMaple_1.bmp	Same
98	Leaves	Apple	2	1	3	Apple_1.bmp	CalleryPear_2.bmp	YoshinoCherry_1.bmp	AmericanBasswood_1.bmp	Apple_1.bmp	BitternutHickory_1.bmp	OsageOrange_5.bmp	Sourwood_5.bmp	SilverMaple_1.bmp	Same
99	Leaves	BitternutHickory	3	1	2	BitternutHickory_1.bmp	Ailanthus_1.bmp	Ailanthus_2.bmp	AmericanBasswood_1.bmp	Apple_1.bmp	BitternutHickory_1.bmp	OsageOrange_5.bmp	Sourwood_5.bmp	SilverMaple_1.bmp	Same
100	Leaves	OsageOrange	4	1	2	OsageOrange_5.bmp	cornus_florida_2.bmp	NorthernCatalpa_2.bmp	AmericanBasswood_1.bmp	Apple_1.bmp	BitternutHickory_1.bmp	OsageOrange_5.bmp	Sourwood_5.bmp	SilverMaple_1.bmp	Same
101	Leaves	Sourwood	5	1	1	Sourwood_5.bmp	CedarElm_1.bmp	GlossyBuckthorn_2.bmp	AmericanBasswood_1.bmp	Apple_1.bmp	BitternutHickory_1.bmp	OsageOrange_5.bmp	Sourwood_5.bmp	SilverMaple_1.bmp	Same
102	Leaves	SilverMaple	6	1	2	SilverMaple_1.bmp	MapleTree_1.bmp	SweetGum_1.bmp	AmericanBasswood_1.bmp	Apple_1.bmp	BitternutHickory_1.bmp	OsageOrange_5.bmp	Sourwood_5.bmp	SilverMaple_1.bmp	Same
103	Leaves	AmericanBasswood	1	1	1	AmericanBasswood_1.bmp	CalleryPear_1.bmp	cornus_florida_1.bmp	AmericanBasswood_1.bmp	Apple_1.bmp	BitternutHickory_1.bmp	OsageOrange_5.bmp	Sourwood_5.bmp	SilverMaple_1.bmp	Same
104	Leaves	Apple	2	1	2	Apple_1.bmp	ClevelandSelectPear_1.bmp	Lilac_1.bmp	AmericanBasswood_1.bmp	Apple_1.bmp	BitternutHickory_1.bmp	OsageOrange_5.bmp	Sourwood_5.bmp	SilverMaple_1.bmp	Same
105	Leaves	BitternutHickory	3	1	3	BitternutHickory_1.bmp	ashtreeleaf_1.bmp	ashtreeleaf_2.bmp	AmericanBasswood_1.bmp	Apple_1.bmp	BitternutHickory_1.bmp	OsageOrange_5.bmp	Sourwood_5.bmp	SilverMaple_1.bmp	Same
106	Leaves	OsageOrange	4	1	2	OsageOrange_5.bmp	cornus_florida_3.bmp	SouthernMagnolia_1.bmp	AmericanBasswood_1.bmp	Apple_1.bmp	BitternutHickory_1.bmp	OsageOrange_5.bmp	Sourwood_5.bmp	SilverMaple_1.bmp	Same
107	Leaves	Sourwood	5	1	1	Sourwood_5.bmp	ClevelandSelectPear_2.bmp	RoyalPaulownia_2.bmp	AmericanBasswood_1.bmp	Apple_1.bmp	BitternutHickory_1.bmp	OsageOrange_5.bmp	Sourwood_5.bmp	SilverMaple_1.bmp	Same
108	Leaves	SilverMaple	6	1	1	SilverMaple_1.bmp	NorwayMaple_1.bmp	WhitePoplar_1.bmp	AmericanBasswood_1.bmp	Apple_1.bmp	BitternutHickory_1.bmp	OsageOrange_5.bmp	Sourwood_5.bmp	SilverMaple_1.bmp	Same
109	Leaves	AmericanBasswood	1	3	2	AmericanBasswood_3.bmp	ClevelandSelectPear_1.bmp	RedMulberry_1.bmp	AmericanBasswood_1.bmp	Apple_1.bmp	BitternutHickory_1.bmp	OsageOrange_5.bmp	Sourwood_5.bmp	SilverMaple_1.bmp	Different
110	Leaves	Apple	2	2	2	Apple_2.bmp	AmericanBeech_1.bmp	AmericanBeech_2.bmp	AmericanBasswood_1.bmp	Apple_1.bmp	BitternutHickory_1.bmp	OsageOrange_5.bmp	Sourwood_5.bmp	SilverMaple_1.bmp	Different
111	Leaves	BitternutHickory	3	2	3	BitternutHickory_5.bmp	ashtreeleaf_1.bmp	ashtreeleaf_2.bmp	AmericanBasswood_1.bmp	Apple_1.bmp	BitternutHickory_1.bmp	OsageOrange_5.bmp	Sourwood_5.bmp	SilverMaple_1.bmp	Different
112	Leaves	OsageOrange	4	4	1	OsageOrange_4.bmp	cornus_florida_1.bmp	cornus_florida_3.bmp	AmericanBasswood_1.bmp	Apple_1.bmp	BitternutHickory_1.bmp	OsageOrange_5.bmp	Sourwood_5.bmp	SilverMaple_1.bmp	Different
113	Leaves	BitternutHickory	3	3	1	BitternutHickory_3.bmp	Buckeye_1.bmp	Buckeye_2.bmp	AmericanBasswood_1.bmp	Apple_1.bmp	BitternutHickory_1.bmp	OsageOrange_5.bmp	Sourwood_5.bmp	SilverMaple_1.bmp	Different
114	Leaves	Apple	2	3	2	Apple_3.bmp	ClevelandSelectPear_2.bmp	RoyalPaulownia_2.bmp	AmericanBasswood_1.bmp	Apple_1.bmp	BitternutHickory_1.bmp	OsageOrange_5.bmp	Sourwood_5.bmp	SilverMaple_1.bmp	Different
115	Leaves	AmericanBasswood	1	2	3	AmericanBasswood_2.bmp	Hackberry_1.bmp	Hackberry_2.bmp	AmericanBasswood_1.bmp	Apple_1.bmp	BitternutHickory_1.bmp	OsageOrange_5.bmp	Sourwood_5.bmp	SilverMaple_1.bmp	Different
116	Leaves	SilverMaple	6	2	1	SilverMaple_2.bmp	WhitePoplar_2.bmp	WhitePoplar_1.bmp	AmericanBasswood_1.bmp	Apple_1.bmp	BitternutHickory_1.bmp	OsageOrange_5.bmp	Sourwood_5.bmp	SilverMaple_1.bmp	Different
117	Leaves	Sourwood	5	4	2	Sourwood_4.bmp	RedAlder_2.bmp	SouthernMagnolia_2.bmp	AmericanBasswood_1.bmp	Apple_1.bmp	BitternutHickory_1.bmp	OsageOrange_5.bmp	Sourwood_5.bmp	SilverMaple_1.bmp	Different
118	Leaves	SilverMaple	6	4	3	SilverMaple_4.bmp	NorwayMaple_1.bmp	MapleTree_2.bmp	AmericanBasswood_1.bmp	Apple_1.bmp	BitternutHickory_1.bmp	OsageOrange_5.bmp	Sourwood_5.bmp	SilverMaple_1.bmp	Different
119	Leaves	Sourwood	5	3	3	Sourwood_3.bmp	GlossyBuckthorn_1.bmp	RedAlder_1.bmp	AmericanBasswood_1.bmp	Apple_1.bmp	BitternutHickory_1.bmp	OsageOrange_5.bmp	Sourwood_5.bmp	SilverMaple_1.bmp	Different
120	Leaves	OsageOrange	4	3	2	OsageOrange_3.bmp	whitebirchtree_2.bmp	NorthernCatalpa_3.bmp	AmericanBasswood_1.bmp	Apple_1.bmp	BitternutHickory_1.bmp	OsageOrange_5.bmp	Sourwood_5.bmp	SilverMaple_1.bmp	Different
121	Leaves	BitternutHickory	3	4	1	BitternutHickory_4.bmp	GreenAsh_1.bmp	GreenAsh_2.bmp	AmericanBasswood_1.bmp	Apple_1.bmp	BitternutHickory_1.bmp	OsageOrange_5.bmp	Sourwood_5.bmp	SilverMaple_1.bmp	Different
122	Leaves	OsageOrange	4	2	3	OsageOrange_2.bmp	NorthernCatalpa_1.bmp	QuakingAspen_2.bmp	AmericanBasswood_1.bmp	Apple_1.bmp	BitternutHickory_1.bmp	OsageOrange_5.bmp	Sourwood_5.bmp	SilverMaple_1.bmp	Different
123	Leaves	AmericanBasswood	1	4	2	AmericanBasswood_4.bmp	CalleryPear_1.bmp	Lilac_1.bmp	AmericanBasswood_1.bmp	Apple_1.bmp	BitternutHickory_1.bmp	OsageOrange_5.bmp	Sourwood_5.bmp	SilverMaple_1.bmp	Different
124	Leaves	Sourwood	5	2	2	Sourwood_2.bmp	BlackCherry_2.bmp	SouthernMagnolia_1.bmp	AmericanBasswood_1.bmp	Apple_1.bmp	BitternutHickory_1.bmp	OsageOrange_5.bmp	Sourwood_5.bmp	SilverMaple_1.bmp	Different
125	Leaves	Apple	2	4	1	Apple_4.bmp	Junebeetle_4.bmp	RoyalPaulownia_1.bmp	AmericanBasswood_1.bmp	Apple_1.bmp	BitternutHickory_1.bmp	OsageOrange_5.bmp	Sourwood_5.bmp	SilverMaple_1.bmp	Different
126	Leaves	SilverMaple	6	3	1	SilverMaple_3.bmp	LondonPlane_2.bmp	LondonPlane_1.bmp	AmericanBasswood_1.bmp	Apple_1.bmp	BitternutHickory_1.bmp	OsageOrange_5.bmp	Sourwood_5.bmp	SilverMaple_1.bmp	Different
127	Leaves	AmericanBasswood	1	3	1	AmericanBasswood_3.bmp	CalleryPear_2.bmp	cornus_florida_2.bmp	AmericanBasswood_1.bmp	Apple_1.bmp	BitternutHickory_1.bmp	OsageOrange_5.bmp	Sourwood_5.bmp	SilverMaple_1.bmp	Different
128	Leaves	Apple	2	2	2	Apple_2.bmp	CedarElm_1.bmp	YoshinoCherry_1.bmp	AmericanBasswood_1.bmp	Apple_1.bmp	BitternutHickory_1.bmp	OsageOrange_5.bmp	Sourwood_5.bmp	SilverMaple_1.bmp	Different
129	Leaves	BitternutHickory	3	2	3	BitternutHickory_5.bmp	GreenAsh_2.bmp	Buckeye_1.bmp	AmericanBasswood_1.bmp	Apple_1.bmp	BitternutHickory_1.bmp	OsageOrange_5.bmp	Sourwood_5.bmp	SilverMaple_1.bmp	Different
130	Leaves	OsageOrange	4	4	2	OsageOrange_4.bmp	QuakingAspen_2.bmp	RedAlder_2.bmp	AmericanBasswood_1.bmp	Apple_1.bmp	BitternutHickory_1.bmp	OsageOrange_5.bmp	Sourwood_5.bmp	SilverMaple_1.bmp	Different
131	Leaves	BitternutHickory	3	3	2	BitternutHickory_3.bmp	Ailanthus_2.bmp	GreenAsh_1.bmp	AmericanBasswood_1.bmp	Apple_1.bmp	BitternutHickory_1.bmp	OsageOrange_5.bmp	Sourwood_5.bmp	SilverMaple_1.bmp	Different
132	Leaves	Apple	2	3	1	Apple_3.bmp	RedAlder_1.bmp	RedMulberry_1.bmp	AmericanBasswood_1.bmp	Apple_1.bmp	BitternutHickory_1.bmp	OsageOrange_5.bmp	Sourwood_5.bmp	SilverMaple_1.bmp	Different
133	Leaves	AmericanBasswood	1	2	2	AmericanBasswood_2.bmp	AmericanBeech_1.bmp	BlackCottonwood_2.bmp	AmericanBasswood_1.bmp	Apple_1.bmp	BitternutHickory_1.bmp	OsageOrange_5.bmp	Sourwood_5.bmp	SilverMaple_1.bmp	Different
134	Leaves	SilverMaple	6	2	2	SilverMaple_2.bmp	LondonPlane_1.bmp	MapleTree_1.bmp	AmericanBasswood_1.bmp	Apple_1.bmp	BitternutHickory_1.bmp	OsageOrange_5.bmp	Sourwood_5.bmp	SilverMaple_1.bmp	Different
135	Leaves	Sourwood	5	4	3	Sourwood_4.bmp	whitebirchtree_2.bmp	RoyalPaulownia_1.bmp	AmericanBasswood_1.bmp	Apple_1.bmp	BitternutHickory_1.bmp	OsageOrange_5.bmp	Sourwood_5.bmp	SilverMaple_1.bmp	Different
136	Leaves	SilverMaple	6	4	1	SilverMaple_4.bmp	LondonPlane_2.bmp	SweetGum_1.bmp	AmericanBasswood_1.bmp	Apple_1.bmp	BitternutHickory_1.bmp	OsageOrange_5.bmp	Sourwood_5.bmp	SilverMaple_1.bmp	Different
137	Leaves	Sourwood	5	3	1	Sourwood_3.bmp	RedMulberry_2.bmp	SouthernMagnolia_1.bmp	AmericanBasswood_1.bmp	Apple_1.bmp	BitternutHickory_1.bmp	OsageOrange_5.bmp	Sourwood_5.bmp	SilverMaple_1.bmp	Different
138	Leaves	OsageOrange	4	3	2	OsageOrange_3.bmp	Hackberry_2.bmp	NorthernCatalpa_2.bmp	AmericanBasswood_1.bmp	Apple_1.bmp	BitternutHickory_1.bmp	OsageOrange_5.bmp	Sourwood_5.bmp	SilverMaple_1.bmp	Different
139	Leaves	BitternutHickory	3	4	3	BitternutHickory_4.bmp	Buckeye_2.bmp	Ailanthus_1.bmp	AmericanBasswood_1.bmp	Apple_1.bmp	BitternutHickory_1.bmp	OsageOrange_5.bmp	Sourwood_5.bmp	SilverMaple_1.bmp	Different
140	Leaves	OsageOrange	4	2	1	OsageOrange_2.bmp	BlackCherry_2.bmp	GlossyBuckthorn_1.bmp	AmericanBasswood_1.bmp	Apple_1.bmp	BitternutHickory_1.bmp	OsageOrange_5.bmp	Sourwood_5.bmp	SilverMaple_1.bmp	Different
141	Leaves	AmericanBasswood	1	4	3	AmericanBasswood_4.bmp	NorthernCatalpa_1.bmp	NorthernCatalpa_3.bmp	AmericanBasswood_1.bmp	Apple_1.bmp	BitternutHickory_1.bmp	OsageOrange_5.bmp	Sourwood_5.bmp	SilverMaple_1.bmp	Different
142	Leaves	Sourwood	5	2	2	Sourwood_2.bmp	GlossyBuckthorn_2.bmp	Junebeetle_4.bmp	AmericanBasswood_1.bmp	Apple_1.bmp	BitternutHickory_1.bmp	OsageOrange_5.bmp	Sourwood_5.bmp	SilverMaple_1.bmp	Different
143	Leaves	Apple	2	4	3	Apple_4.bmp	AmericanBeech_2.bmp	Hackberry_1.bmp	AmericanBasswood_1.bmp	Apple_1.bmp	BitternutHickory_1.bmp	OsageOrange_5.bmp	Sourwood_5.bmp	SilverMaple_1.bmp	Different
144	Leaves	SilverMaple	6	3	2	SilverMaple_3.bmp	MapleTree_2.bmp	WhitePoplar_2.bmp	AmericanBasswood_1.bmp	Apple_1.bmp	BitternutHickory_1.bmp	OsageOrange_5.bmp	Sourwood_5.bmp	SilverMaple_1.bmp	Different
145	Motorcycles	BMWHP2Sport	1	1	1	BMWHP2Sport_1.bmp	BMWF650GS.bmp	BMWG450X_1.bmp	BMWHP2Sport_1.bmp	HarleySportsterNightster_5.bmp	SuzukiGSX650F_1.bmp	TriumphSpeedmaster_1.bmp	VictoryCoryNessJackpot_1.bmp	VictoryVisionTour_1.bmp	Same
146	Motorcycles	HarleySportsterNightster	2	1	3	HarleySportsterNightster_5.bmp	HarleySportsterIron833_1.bmp	HarleyCVOFatBob_3.bmp	BMWHP2Sport_1.bmp	HarleySportsterNightster_5.bmp	SuzukiGSX650F_1.bmp	TriumphSpeedmaster_1.bmp	VictoryCoryNessJackpot_1.bmp	VictoryVisionTour_1.bmp	Same
147	Motorcycles	SuzukiGSX650F	3	1	2	SuzukiGSX650F_1.bmp	HondaST1300_2.bmp	HondaST1300_1.bmp	BMWHP2Sport_1.bmp	HarleySportsterNightster_5.bmp	SuzukiGSX650F_1.bmp	TriumphSpeedmaster_1.bmp	VictoryCoryNessJackpot_1.bmp	VictoryVisionTour_1.bmp	Same
148	Motorcycles	TriumphSpeedmaster	4	1	2	TriumphSpeedmaster_1.bmp	TriumphAmerica_1.bmp	BMWR1200GS_2.bmp	BMWHP2Sport_1.bmp	HarleySportsterNightster_5.bmp	SuzukiGSX650F_1.bmp	TriumphSpeedmaster_1.bmp	VictoryCoryNessJackpot_1.bmp	VictoryVisionTour_1.bmp	Same
149	Motorcycles	VictoryCoryNessJackpot	5	1	1	VictoryCoryNessJackpot_1.bmp	SuzukiBoulevardC90_1.bmp	SuzukiBoulevardC109R_1.bmp	BMWHP2Sport_1.bmp	HarleySportsterNightster_5.bmp	SuzukiGSX650F_1.bmp	TriumphSpeedmaster_1.bmp	VictoryCoryNessJackpot_1.bmp	VictoryVisionTour_1.bmp	Same
150	Motorcycles	VictoryVisionTour	6	1	1	VictoryVisionTour_1.bmp	HondaGoldwing_1.bmp	KawasakiConcours14_1.bmp	BMWHP2Sport_1.bmp	HarleySportsterNightster_5.bmp	SuzukiGSX650F_1.bmp	TriumphSpeedmaster_1.bmp	VictoryCoryNessJackpot_1.bmp	VictoryVisionTour_1.bmp	Same
151	Motorcycles	BMWHP2Sport	1	1	1	BMWHP2Sport_1.bmp	BMWF800GS_1.bmp	BMWF800GS_2.bmp	BMWHP2Sport_1.bmp	HarleySportsterNightster_5.bmp	SuzukiGSX650F_1.bmp	TriumphSpeedmaster_1.bmp	VictoryCoryNessJackpot_1.bmp	VictoryVisionTour_1.bmp	Same
152	Motorcycles	HarleySportsterNightster	2	1	2	HarleySportsterNightster_5.bmp	HarleyCVOFatBob_2.bmp	HarleyWideGlide_2.bmp	BMWHP2Sport_1.bmp	HarleySportsterNightster_5.bmp	SuzukiGSX650F_1.bmp	TriumphSpeedmaster_1.bmp	VictoryCoryNessJackpot_1.bmp	VictoryVisionTour_1.bmp	Same
153	Motorcycles	SuzukiGSX650F	3	1	3	SuzukiGSX650F_1.bmp	HondaInterceptor_1.bmp	HondaInterceptor_3.bmp	BMWHP2Sport_1.bmp	HarleySportsterNightster_5.bmp	SuzukiGSX650F_1.bmp	TriumphSpeedmaster_1.bmp	VictoryCoryNessJackpot_1.bmp	VictoryVisionTour_1.bmp	Same
154	Motorcycles	TriumphSpeedmaster	4	1	2	TriumphSpeedmaster_1.bmp	TriumphAmerica_2.bmp	TriumphAmerica_4.bmp	BMWHP2Sport_1.bmp	HarleySportsterNightster_5.bmp	SuzukiGSX650F_1.bmp	TriumphSpeedmaster_1.bmp	VictoryCoryNessJackpot_1.bmp	VictoryVisionTour_1.bmp	Same
155	Motorcycles	VictoryCoryNessJackpot	5	1	2	VictoryCoryNessJackpot_1.bmp	YamahaRoadStar_1.bmp	VictoryHammer8Ball_1.bmp	BMWHP2Sport_1.bmp	HarleySportsterNightster_5.bmp	SuzukiGSX650F_1.bmp	TriumphSpeedmaster_1.bmp	VictoryCoryNessJackpot_1.bmp	VictoryVisionTour_1.bmp	Same
156	Motorcycles	VictoryVisionTour	6	1	1	VictoryVisionTour_1.bmp	KowasakiConcourse14.bmp	KawasakiVulcan1700Voyager_2.bmp	BMWHP2Sport_1.bmp	HarleySportsterNightster_5.bmp	SuzukiGSX650F_1.bmp	TriumphSpeedmaster_1.bmp	VictoryCoryNessJackpot_1.bmp	VictoryVisionTour_1.bmp	Same
157	Motorcycles	BMWHP2Sport	1	3	2	BMWHP2Sport_3.bmp	BMWF800GS_2.bmp	BMWR1200GS.bmp	BMWHP2Sport_1.bmp	HarleySportsterNightster_5.bmp	SuzukiGSX650F_1.bmp	TriumphSpeedmaster_1.bmp	VictoryCoryNessJackpot_1.bmp	VictoryVisionTour_1.bmp	Different
158	Motorcycles	HarleySportsterNightster	2	2	2	HarleySportsterNightster_2.bmp	HarleySportsterIron833_1.bmp	HarleyWideGlide_2.bmp	BMWHP2Sport_1.bmp	HarleySportsterNightster_5.bmp	SuzukiGSX650F_1.bmp	TriumphSpeedmaster_1.bmp	VictoryCoryNessJackpot_1.bmp	VictoryVisionTour_1.bmp	Different
159	Motorcycles	SuzukiGSX650F	3	2	3	SuzukiGSX650F_2.bmp	HondaInterceptor_1.bmp	HondaInterceptor_3.bmp	BMWHP2Sport_1.bmp	HarleySportsterNightster_5.bmp	SuzukiGSX650F_1.bmp	TriumphSpeedmaster_1.bmp	VictoryCoryNessJackpot_1.bmp	VictoryVisionTour_1.bmp	Different
160	Motorcycles	TriumphSpeedmaster	4	4	1	TriumphSpeedmaster_4.bmp	SuzukiBoulevardS83_1.bmp	TriumphAmerica_3.bmp	BMWHP2Sport_1.bmp	HarleySportsterNightster_5.bmp	SuzukiGSX650F_1.bmp	TriumphSpeedmaster_1.bmp	VictoryCoryNessJackpot_1.bmp	VictoryVisionTour_1.bmp	Different
161	Motorcycles	SuzukiGSX650F	3	3	1	SuzukiGSX650F_3.bmp	HondaInterceptor_2.bmp	HondaInterceptor_4.bmp	BMWHP2Sport_1.bmp	HarleySportsterNightster_5.bmp	SuzukiGSX650F_1.bmp	TriumphSpeedmaster_1.bmp	VictoryCoryNessJackpot_1.bmp	VictoryVisionTour_1.bmp	Different
162	Motorcycles	HarleySportsterNightster	2	3	2	HarleySportsterNightster_3.bmp	HarleyCVOFatBob_1.bmp	HarleyXL1200Forty-Eight_1.bmp	BMWHP2Sport_1.bmp	HarleySportsterNightster_5.bmp	SuzukiGSX650F_1.bmp	TriumphSpeedmaster_1.bmp	VictoryCoryNessJackpot_1.bmp	VictoryVisionTour_1.bmp	Different
163	Motorcycles	BMWHP2Sport	1	2	3	BMWHP2Sport_2.bmp	BMWF800GS_1.bmp	BMWG450X_2.bmp	BMWHP2Sport_1.bmp	HarleySportsterNightster_5.bmp	SuzukiGSX650F_1.bmp	TriumphSpeedmaster_1.bmp	VictoryCoryNessJackpot_1.bmp	VictoryVisionTour_1.bmp	Different
164	Motorcycles	VictoryVisionTour	6	2	1	VictoryVisionTour_2.bmp	HondaGoldwing_2.bmp	KawasakiConcours14_2.bmp	BMWHP2Sport_1.bmp	HarleySportsterNightster_5.bmp	SuzukiGSX650F_1.bmp	TriumphSpeedmaster_1.bmp	VictoryCoryNessJackpot_1.bmp	VictoryVisionTour_1.bmp	Different
165	Motorcycles	VictoryCoryNessJackpot	5	4	3	VictoryCoryNessJackpot_4.bmp	SuzukiBoulevardM109R_2.bmp	YamahaRoadStar_1.bmp	BMWHP2Sport_1.bmp	HarleySportsterNightster_5.bmp	SuzukiGSX650F_1.bmp	TriumphSpeedmaster_1.bmp	VictoryCoryNessJackpot_1.bmp	VictoryVisionTour_1.bmp	Different
166	Motorcycles	VictoryVisionTour	6	4	2	VictoryVisionTour_4.bmp	KowasakiConcourse14.bmp	KawasakiVulcan1700Voyager_2.bmp	BMWHP2Sport_1.bmp	HarleySportsterNightster_5.bmp	SuzukiGSX650F_1.bmp	TriumphSpeedmaster_1.bmp	VictoryCoryNessJackpot_1.bmp	VictoryVisionTour_1.bmp	Different
167	Motorcycles	VictoryCoryNessJackpot	5	3	3	VictoryCoryNessJackpot_3.bmp	SuzukiBoulevardM109R_4.bmp	KowasakiVulcanClassicLT.bmp	BMWHP2Sport_1.bmp	HarleySportsterNightster_5.bmp	SuzukiGSX650F_1.bmp	TriumphSpeedmaster_1.bmp	VictoryCoryNessJackpot_1.bmp	VictoryVisionTour_1.bmp	Different
168	Motorcycles	TriumphSpeedmaster	4	3	2	TriumphSpeedmaster_3.bmp	SuzukiBoulevardS50_2.bmp	TriumphAmerica_4.bmp	BMWHP2Sport_1.bmp	HarleySportsterNightster_5.bmp	SuzukiGSX650F_1.bmp	TriumphSpeedmaster_1.bmp	VictoryCoryNessJackpot_1.bmp	VictoryVisionTour_1.bmp	Different
169	Motorcycles	SuzukiGSX650F	3	4	1	SuzukiGSX650F_4.bmp	TriumphDaytona675_1.bmp	TriumphDaytona675_2.bmp	BMWHP2Sport_1.bmp	HarleySportsterNightster_5.bmp	SuzukiGSX650F_1.bmp	TriumphSpeedmaster_1.bmp	VictoryCoryNessJackpot_1.bmp	VictoryVisionTour_1.bmp	Different
170	Motorcycles	TriumphSpeedmaster	4	2	3	TriumphSpeedmaster_2.bmp	SuzukiBoulevardS50_1.bmp	TriumphAmerica_2.bmp	BMWHP2Sport_1.bmp	HarleySportsterNightster_5.bmp	SuzukiGSX650F_1.bmp	TriumphSpeedmaster_1.bmp	VictoryCoryNessJackpot_1.bmp	VictoryVisionTour_1.bmp	Different
171	Motorcycles	BMWHP2Sport	1	4	2	BMWHP2Sport_4.bmp	BMWF800GS_3.bmp	BMWR1200GS.bmp	BMWHP2Sport_1.bmp	HarleySportsterNightster_5.bmp	SuzukiGSX650F_1.bmp	TriumphSpeedmaster_1.bmp	VictoryCoryNessJackpot_1.bmp	VictoryVisionTour_1.bmp	Different
172	Motorcycles	VictoryCoryNessJackpot	5	2	2	VictoryCoryNessJackpot_2.bmp	SuzukiBoulevardC109_3.bmp	VictoryHammer8Ball_1.bmp	BMWHP2Sport_1.bmp	HarleySportsterNightster_5.bmp	SuzukiGSX650F_1.bmp	TriumphSpeedmaster_1.bmp	VictoryCoryNessJackpot_1.bmp	VictoryVisionTour_1.bmp	Different
173	Motorcycles	HarleySportsterNightster	2	4	1	HarleySportsterNightster_4.bmp	HarleyForty-Eight.bmp	HarleyCVOFatBob_2.bmp	BMWHP2Sport_1.bmp	HarleySportsterNightster_5.bmp	SuzukiGSX650F_1.bmp	TriumphSpeedmaster_1.bmp	VictoryCoryNessJackpot_1.bmp	VictoryVisionTour_1.bmp	Different
174	Motorcycles	VictoryVisionTour	6	3	1	VictoryVisionTour_3.bmp	VictoryCrossCountry_1.bmp	KawasakiVulcan1700Voyager_1.bmp	BMWHP2Sport_1.bmp	HarleySportsterNightster_5.bmp	SuzukiGSX650F_1.bmp	TriumphSpeedmaster_1.bmp	VictoryCoryNessJackpot_1.bmp	VictoryVisionTour_1.bmp	Different
175	Motorcycles	BMWHP2Sport	1	3	3	BMWHP2Sport_3.bmp	BMWF800GS_3.bmp	BMWG450X_1.bmp	BMWHP2Sport_1.bmp	HarleySportsterNightster_5.bmp	SuzukiGSX650F_1.bmp	TriumphSpeedmaster_1.bmp	VictoryCoryNessJackpot_1.bmp	VictoryVisionTour_1.bmp	Different
176	Motorcycles	HarleySportsterNightster	2	2	1	HarleySportsterNightster_2.bmp	HarleyForty-Eight.bmp	HarleyXL1200Forty-Eight_1.bmp	BMWHP2Sport_1.bmp	HarleySportsterNightster_5.bmp	SuzukiGSX650F_1.bmp	TriumphSpeedmaster_1.bmp	VictoryCoryNessJackpot_1.bmp	VictoryVisionTour_1.bmp	Different
177	Motorcycles	SuzukiGSX650F	3	2	2	SuzukiGSX650F_2.bmp	HondaInterceptor_2.bmp	HondaInterceptor_4.bmp	BMWHP2Sport_1.bmp	HarleySportsterNightster_5.bmp	SuzukiGSX650F_1.bmp	TriumphSpeedmaster_1.bmp	VictoryCoryNessJackpot_1.bmp	VictoryVisionTour_1.bmp	Different
178	Motorcycles	TriumphSpeedmaster	4	4	2	TriumphSpeedmaster_4.bmp	SuzukiBoulevardS50_1.bmp	SuzukiBoulevardS50_2.bmp	BMWHP2Sport_1.bmp	HarleySportsterNightster_5.bmp	SuzukiGSX650F_1.bmp	TriumphSpeedmaster_1.bmp	VictoryCoryNessJackpot_1.bmp	VictoryVisionTour_1.bmp	Different
179	Motorcycles	SuzukiGSX650F	3	3	1	SuzukiGSX650F_3.bmp	TriumphDaytona675_1.bmp	TriumphDaytona675_2.bmp	BMWHP2Sport_1.bmp	HarleySportsterNightster_5.bmp	SuzukiGSX650F_1.bmp	TriumphSpeedmaster_1.bmp	VictoryCoryNessJackpot_1.bmp	VictoryVisionTour_1.bmp	Different
180	Motorcycles	HarleySportsterNightster	2	3	2	HarleySportsterNightster_3.bmp	HarleySportsterIron833_1.bmp	HarleyWideGlide_1.bmp	BMWHP2Sport_1.bmp	HarleySportsterNightster_5.bmp	SuzukiGSX650F_1.bmp	TriumphSpeedmaster_1.bmp	VictoryCoryNessJackpot_1.bmp	VictoryVisionTour_1.bmp	Different
181	Motorcycles	BMWHP2Sport	1	2	2	BMWHP2Sport_2.bmp	BMWF650GS.bmp	BMWG650GS.bmp	BMWHP2Sport_1.bmp	HarleySportsterNightster_5.bmp	SuzukiGSX650F_1.bmp	TriumphSpeedmaster_1.bmp	VictoryCoryNessJackpot_1.bmp	VictoryVisionTour_1.bmp	Different
182	Motorcycles	VictoryVisionTour	6	2	3	VictoryVisionTour_2.bmp	KawasakiVulcan1700Voyager_1.bmp	VictoryCrossCountry_1.bmp	BMWHP2Sport_1.bmp	HarleySportsterNightster_5.bmp	SuzukiGSX650F_1.bmp	TriumphSpeedmaster_1.bmp	VictoryCoryNessJackpot_1.bmp	VictoryVisionTour_1.bmp	Different
183	Motorcycles	VictoryCoryNessJackpot	5	4	2	VictoryCoryNessJackpot_4.bmp	KowasakiVulcanClassicLT.bmp	SuzukiBoulevardC109R_1.bmp	BMWHP2Sport_1.bmp	HarleySportsterNightster_5.bmp	SuzukiGSX650F_1.bmp	TriumphSpeedmaster_1.bmp	VictoryCoryNessJackpot_1.bmp	VictoryVisionTour_1.bmp	Different
184	Motorcycles	VictoryVisionTour	6	4	1	VictoryVisionTour_4.bmp	HondaGoldwing_1.bmp	KawasakiConcours14_2.bmp	BMWHP2Sport_1.bmp	HarleySportsterNightster_5.bmp	SuzukiGSX650F_1.bmp	TriumphSpeedmaster_1.bmp	VictoryCoryNessJackpot_1.bmp	VictoryVisionTour_1.bmp	Different
185	Motorcycles	VictoryCoryNessJackpot	5	3	1	VictoryCoryNessJackpot_3.bmp	SuzukiBoulevardC109_3.bmp	SuzukiBoulevardM109R_2.bmp	BMWHP2Sport_1.bmp	HarleySportsterNightster_5.bmp	SuzukiGSX650F_1.bmp	TriumphSpeedmaster_1.bmp	VictoryCoryNessJackpot_1.bmp	VictoryVisionTour_1.bmp	Different
186	Motorcycles	TriumphSpeedmaster	4	3	2	TriumphSpeedmaster_3.bmp	SuzukiBoulevardS83_1.bmp	TriumphAmerica_3.bmp	BMWHP2Sport_1.bmp	HarleySportsterNightster_5.bmp	SuzukiGSX650F_1.bmp	TriumphSpeedmaster_1.bmp	VictoryCoryNessJackpot_1.bmp	VictoryVisionTour_1.bmp	Different
187	Motorcycles	SuzukiGSX650F	3	4	3	SuzukiGSX650F_4.bmp	HondaST1300_1.bmp	HondaST1300_2.bmp	BMWHP2Sport_1.bmp	HarleySportsterNightster_5.bmp	SuzukiGSX650F_1.bmp	TriumphSpeedmaster_1.bmp	VictoryCoryNessJackpot_1.bmp	VictoryVisionTour_1.bmp	Different
188	Motorcycles	TriumphSpeedmaster	4	2	1	TriumphSpeedmaster_2.bmp	BMWR1200GS_2.bmp	TriumphAmerica_1.bmp	BMWHP2Sport_1.bmp	HarleySportsterNightster_5.bmp	SuzukiGSX650F_1.bmp	TriumphSpeedmaster_1.bmp	VictoryCoryNessJackpot_1.bmp	VictoryVisionTour_1.bmp	Different
189	Motorcycles	BMWHP2Sport	1	4	3	BMWHP2Sport_4.bmp	BMWG450X_2.bmp	BMWG650GS.bmp	BMWHP2Sport_1.bmp	HarleySportsterNightster_5.bmp	SuzukiGSX650F_1.bmp	TriumphSpeedmaster_1.bmp	VictoryCoryNessJackpot_1.bmp	VictoryVisionTour_1.bmp	Different
190	Motorcycles	VictoryCoryNessJackpot	5	2	2	VictoryCoryNessJackpot_2.bmp	SuzukiBoulevardC90_1.bmp	SuzukiBoulevardM109R_4.bmp	BMWHP2Sport_1.bmp	HarleySportsterNightster_5.bmp	SuzukiGSX650F_1.bmp	TriumphSpeedmaster_1.bmp	VictoryCoryNessJackpot_1.bmp	VictoryVisionTour_1.bmp	Different
191	Motorcycles	HarleySportsterNightster	2	4	3	HarleySportsterNightster_4.bmp	HarleyCVOFatBob_1.bmp	HarleyCVOFatBob_3.bmp	BMWHP2Sport_1.bmp	HarleySportsterNightster_5.bmp	SuzukiGSX650F_1.bmp	TriumphSpeedmaster_1.bmp	VictoryCoryNessJackpot_1.bmp	VictoryVisionTour_1.bmp	Different
192	Motorcycles	VictoryVisionTour	6	3	2	VictoryVisionTour_3.bmp	HondaGoldwing_2.bmp	KawasakiConcours14_1.bmp	BMWHP2Sport_1.bmp	HarleySportsterNightster_5.bmp	SuzukiGSX650F_1.bmp	TriumphSpeedmaster_1.bmp	VictoryCoryNessJackpot_1.bmp	VictoryVisionTour_1.bmp	Different
193	Mushrooms	AgaricaceaeAgaricus	1	1	1	AgaricaceaeAgaricus_arvensis_1.bmp	CortinariaceaeCortinarius_crassus_1.bmp	CortinariaceaeCortinarius_cinnamomeus_2.bmp	AgaricaceaeAgaricus_arvensis_1.bmp	AmanitaceaeAmanita_mairei_1.bmp	BolbitiaceaeConocybe_albipes_1.bmp	EntolomataceaeEntoloma_rhodopolium_1.bmp	HygrophoraceaeHygrophorus_agathosmus_1.bmp	InocybaceaeInocybe_corydalina_1.bmp	Same
194	Mushrooms	AmanitaceaeAmanita	2	1	3	AmanitaceaeAmanita_mairei_1.bmp	CortinariaceaeCortinarius_malachius_1.bmp	MarasmiaceaeMarasmius_wynnei_1.bmp	AgaricaceaeAgaricus_arvensis_1.bmp	AmanitaceaeAmanita_mairei_1.bmp	BolbitiaceaeConocybe_albipes_1.bmp	EntolomataceaeEntoloma_rhodopolium_1.bmp	HygrophoraceaeHygrophorus_agathosmus_1.bmp	InocybaceaeInocybe_corydalina_1.bmp	Same
195	Mushrooms	BolbitiaceaeConocybe	3	1	2	BolbitiaceaeConocybe_albipes_1.bmp	MycenaceaeMycena_flavescens_1.bmp	MycenaceaeMycena_flavescens_2.bmp	AgaricaceaeAgaricus_arvensis_1.bmp	AmanitaceaeAmanita_mairei_1.bmp	BolbitiaceaeConocybe_albipes_1.bmp	EntolomataceaeEntoloma_rhodopolium_1.bmp	HygrophoraceaeHygrophorus_agathosmus_1.bmp	InocybaceaeInocybe_corydalina_1.bmp	Same
196	Mushrooms	EntolomataceaeEntoloma	4	1	2	EntolomataceaeEntoloma_rhodopolium_1.bmp	MycenaceaeMycena_galericulata.bmp	CortinariaceaeCortinarius_turmalis_1.bmp	AgaricaceaeAgaricus_arvensis_1.bmp	AmanitaceaeAmanita_mairei_1.bmp	BolbitiaceaeConocybe_albipes_1.bmp	EntolomataceaeEntoloma_rhodopolium_1.bmp	HygrophoraceaeHygrophorus_agathosmus_1.bmp	InocybaceaeInocybe_corydalina_1.bmp	Same
197	Mushrooms	HygrophoraceaeHygrophorus	5	1	1	HygrophoraceaeHygrophorus_agathosmus_1.bmp	CortinariaceaeCortinarius_barbatus_1.bmp	CortinariaceaeCortinarius_camphoratus_1.bmp	AgaricaceaeAgaricus_arvensis_1.bmp	AmanitaceaeAmanita_mairei_1.bmp	BolbitiaceaeConocybe_albipes_1.bmp	EntolomataceaeEntoloma_rhodopolium_1.bmp	HygrophoraceaeHygrophorus_agathosmus_1.bmp	InocybaceaeInocybe_corydalina_1.bmp	Same
198	Mushrooms	InocybaceaeInocybe	6	1	2	InocybaceaeInocybe_corydalina_1.bmp	CortinariaceaeCortinarius_bataillei_1.bmp	CortinariaceaeCortinarius_fasciatus_1.bmp	AgaricaceaeAgaricus_arvensis_1.bmp	AmanitaceaeAmanita_mairei_1.bmp	BolbitiaceaeConocybe_albipes_1.bmp	EntolomataceaeEntoloma_rhodopolium_1.bmp	HygrophoraceaeHygrophorus_agathosmus_1.bmp	InocybaceaeInocybe_corydalina_1.bmp	Same
199	Mushrooms	AgaricaceaeAgaricus	1	1	1	AgaricaceaeAgaricus_arvensis_1.bmp	CortinariaceaeCortinarius_malachius_1.bmp	CortinariaceaeCortinarius_salor_1.bmp	AgaricaceaeAgaricus_arvensis_1.bmp	AmanitaceaeAmanita_mairei_1.bmp	BolbitiaceaeConocybe_albipes_1.bmp	EntolomataceaeEntoloma_rhodopolium_1.bmp	HygrophoraceaeHygrophorus_agathosmus_1.bmp	InocybaceaeInocybe_corydalina_1.bmp	Same
200	Mushrooms	AmanitaceaeAmanita	2	1	2	AmanitaceaeAmanita_mairei_1.bmp	CortinariaceaeCortinarius_malachius_2.bmp	TricholomataceaeClitocybe_phyllophila_1.bmp	AgaricaceaeAgaricus_arvensis_1.bmp	AmanitaceaeAmanita_mairei_1.bmp	BolbitiaceaeConocybe_albipes_1.bmp	EntolomataceaeEntoloma_rhodopolium_1.bmp	HygrophoraceaeHygrophorus_agathosmus_1.bmp	InocybaceaeInocybe_corydalina_1.bmp	Same
201	Mushrooms	BolbitiaceaeConocybe	3	1	3	BolbitiaceaeConocybe_albipes_1.bmp	MycenaceaeMycena_epipterygia_2.bmp	MycenaceaeMycena_laevigata_1.bmp	AgaricaceaeAgaricus_arvensis_1.bmp	AmanitaceaeAmanita_mairei_1.bmp	BolbitiaceaeConocybe_albipes_1.bmp	EntolomataceaeEntoloma_rhodopolium_1.bmp	HygrophoraceaeHygrophorus_agathosmus_1.bmp	InocybaceaeInocybe_corydalina_1.bmp	Same
202	Mushrooms	EntolomataceaeEntoloma	4	1	2	EntolomataceaeEntoloma_rhodopolium_1.bmp	CortinariaceaeCortinarius_casimiri_1.bmp	CortinariaceaeCortinarius_fasciatus_1.bmp	AgaricaceaeAgaricus_arvensis_1.bmp	AmanitaceaeAmanita_mairei_1.bmp	BolbitiaceaeConocybe_albipes_1.bmp	EntolomataceaeEntoloma_rhodopolium_1.bmp	HygrophoraceaeHygrophorus_agathosmus_1.bmp	InocybaceaeInocybe_corydalina_1.bmp	Same
203	Mushrooms	HygrophoraceaeHygrophorus	5	1	1	HygrophoraceaeHygrophorus_agathosmus_1.bmp	CortinariaceaeCortinarius_hinnuleus_1.bmp	MycenaceaeMycena_flavescens_1.bmp	AgaricaceaeAgaricus_arvensis_1.bmp	AmanitaceaeAmanita_mairei_1.bmp	BolbitiaceaeConocybe_albipes_1.bmp	EntolomataceaeEntoloma_rhodopolium_1.bmp	HygrophoraceaeHygrophorus_agathosmus_1.bmp	InocybaceaeInocybe_corydalina_1.bmp	Same
204	Mushrooms	InocybaceaeInocybe	6	1	1	InocybaceaeInocybe_corydalina_1.bmp	MarasmiaceaeMarasmius_wynnei_1.bmp	TricholomataceaeLepista_nuda_1.bmp	AgaricaceaeAgaricus_arvensis_1.bmp	AmanitaceaeAmanita_mairei_1.bmp	BolbitiaceaeConocybe_albipes_1.bmp	EntolomataceaeEntoloma_rhodopolium_1.bmp	HygrophoraceaeHygrophorus_agathosmus_1.bmp	InocybaceaeInocybe_corydalina_1.bmp	Same
205	Mushrooms	AgaricaceaeAgaricus	1	3	2	AgaricaceaeAgaricus_campestris_3.bmp	CortinariaceaeCortinarius_malachius_2.bmp	TricholomataceaeLepista_nuda_1.bmp	AgaricaceaeAgaricus_arvensis_1.bmp	AmanitaceaeAmanita_mairei_1.bmp	BolbitiaceaeConocybe_albipes_1.bmp	EntolomataceaeEntoloma_rhodopolium_1.bmp	HygrophoraceaeHygrophorus_agathosmus_1.bmp	InocybaceaeInocybe_corydalina_1.bmp	Different
206	Mushrooms	AmanitaceaeAmanita	2	2	2	AmanitaceaeAmanita_phalloides_2.bmp	CortinariaceaeCortinarius_barbatus_3.bmp	CortinariaceaeCortinarius_luteo-ornatus_1.bmp	AgaricaceaeAgaricus_arvensis_1.bmp	AmanitaceaeAmanita_mairei_1.bmp	BolbitiaceaeConocybe_albipes_1.bmp	EntolomataceaeEntoloma_rhodopolium_1.bmp	HygrophoraceaeHygrophorus_agathosmus_1.bmp	InocybaceaeInocybe_corydalina_1.bmp	Different
207	Mushrooms	BolbitiaceaeConocybe	3	2	3	BolbitiaceaeConocybe_apala_2.bmp	MycenaceaeMycena_glaopusnigra_1.bmp	MycenaceaeMycena_laevigata_1.bmp	AgaricaceaeAgaricus_arvensis_1.bmp	AmanitaceaeAmanita_mairei_1.bmp	BolbitiaceaeConocybe_albipes_1.bmp	EntolomataceaeEntoloma_rhodopolium_1.bmp	HygrophoraceaeHygrophorus_agathosmus_1.bmp	InocybaceaeInocybe_corydalina_1.bmp	Different
208	Mushrooms	EntolomataceaeEntoloma	4	4	1	EntolomataceaeEntoloma_sinuatum_4.bmp	CortinariaceaeCortinarius_casimiri_1.bmp	TricholomataceaeClitocybe_phyllophila_1.bmp	AgaricaceaeAgaricus_arvensis_1.bmp	AmanitaceaeAmanita_mairei_1.bmp	BolbitiaceaeConocybe_albipes_1.bmp	EntolomataceaeEntoloma_rhodopolium_1.bmp	HygrophoraceaeHygrophorus_agathosmus_1.bmp	InocybaceaeInocybe_corydalina_1.bmp	Different
209	Mushrooms	BolbitiaceaeConocybe	3	3	1	BolbitiaceaeConocybe_lactea_3.bmp	CortinariaceaeCortinarius_casimiri_3.bmp	CortinariaceaeCortinarius_rigens_1.bmp	AgaricaceaeAgaricus_arvensis_1.bmp	AmanitaceaeAmanita_mairei_1.bmp	BolbitiaceaeConocybe_albipes_1.bmp	EntolomataceaeEntoloma_rhodopolium_1.bmp	HygrophoraceaeHygrophorus_agathosmus_1.bmp	InocybaceaeInocybe_corydalina_1.bmp	Different
210	Mushrooms	AmanitaceaeAmanita	2	3	2	AmanitaceaeAmanita_cokeri_5.bmp	PhysalacriaceaeArmillaria_gallica_1.bmp	PsathyrellaceaeCoprinellus_micaceus_1.bmp	AgaricaceaeAgaricus_arvensis_1.bmp	AmanitaceaeAmanita_mairei_1.bmp	BolbitiaceaeConocybe_albipes_1.bmp	EntolomataceaeEntoloma_rhodopolium_1.bmp	HygrophoraceaeHygrophorus_agathosmus_1.bmp	InocybaceaeInocybe_corydalina_1.bmp	Different
211	Mushrooms	AgaricaceaeAgaricus	1	2	3	AgaricaceaeAgaricus_bisporus_2.bmp	CortinariaceaeCortinarius_transiens_1.bmp	CortinariaceaeCortinarius_camphoratus_2.bmp	AgaricaceaeAgaricus_arvensis_1.bmp	AmanitaceaeAmanita_mairei_1.bmp	BolbitiaceaeConocybe_albipes_1.bmp	EntolomataceaeEntoloma_rhodopolium_1.bmp	HygrophoraceaeHygrophorus_agathosmus_1.bmp	InocybaceaeInocybe_corydalina_1.bmp	Different
212	Mushrooms	InocybaceaeInocybe	6	2	1	InocybaceaeInocybe_erubescens_2.bmp	CortinariaceaeCortinarius_xantho-ochraceus_1.bmp	TricholomataceaeAmpulloclytocybe_clavipes_1.bmp	AgaricaceaeAgaricus_arvensis_1.bmp	AmanitaceaeAmanita_mairei_1.bmp	BolbitiaceaeConocybe_albipes_1.bmp	EntolomataceaeEntoloma_rhodopolium_1.bmp	HygrophoraceaeHygrophorus_agathosmus_1.bmp	InocybaceaeInocybe_corydalina_1.bmp	Different
213	Mushrooms	HygrophoraceaeHygrophorus	5	4	2	HygrophoraceaeHygrophorus_subalpinus_4.bmp	CortinariaceaeCortinarius_livido-ochraceus_1.bmp	CortinariaceaeCortinarius_cinnamomeus_1.bmp	AgaricaceaeAgaricus_arvensis_1.bmp	AmanitaceaeAmanita_mairei_1.bmp	BolbitiaceaeConocybe_albipes_1.bmp	EntolomataceaeEntoloma_rhodopolium_1.bmp	HygrophoraceaeHygrophorus_agathosmus_1.bmp	InocybaceaeInocybe_corydalina_1.bmp	Different
214	Mushrooms	InocybaceaeInocybe	6	4	3	InocybaceaeInocybe_sindonia_4.bmp	CortinariaceaeCortinarius_subbalausintus_1.bmp	CortinariaceaeCortinarius_torvus_1.bmp	AgaricaceaeAgaricus_arvensis_1.bmp	AmanitaceaeAmanita_mairei_1.bmp	BolbitiaceaeConocybe_albipes_1.bmp	EntolomataceaeEntoloma_rhodopolium_1.bmp	HygrophoraceaeHygrophorus_agathosmus_1.bmp	InocybaceaeInocybe_corydalina_1.bmp	Different
215	Mushrooms	HygrophoraceaeHygrophorus	5	3	3	HygrophoraceaeHygrophorus_penarioides_3.bmp	CortinariaceaeCortinarius_hinnuleus_1.bmp	GomphidiaceaeGomphidius_glutinosus_1.bmp	AgaricaceaeAgaricus_arvensis_1.bmp	AmanitaceaeAmanita_mairei_1.bmp	BolbitiaceaeConocybe_albipes_1.bmp	EntolomataceaeEntoloma_rhodopolium_1.bmp	HygrophoraceaeHygrophorus_agathosmus_1.bmp	InocybaceaeInocybe_corydalina_1.bmp	Different
216	Mushrooms	EntolomataceaeEntoloma	4	3	2	EntolomataceaeEntoloma_olorium_5.bmp	MycenaceaeMycena_cinerella_2.bmp	MycenaceaeMycena_epipterygia_2.bmp	AgaricaceaeAgaricus_arvensis_1.bmp	AmanitaceaeAmanita_mairei_1.bmp	BolbitiaceaeConocybe_albipes_1.bmp	EntolomataceaeEntoloma_rhodopolium_1.bmp	HygrophoraceaeHygrophorus_agathosmus_1.bmp	InocybaceaeInocybe_corydalina_1.bmp	Different
217	Mushrooms	BolbitiaceaeConocybe	3	4	1	BolbitiaceaeConocybe_rickenii_4.bmp	MycenaceaeMycena_arcangelina_1.bmp	MycenaceaeMycena_cinerella_1.bmp	AgaricaceaeAgaricus_arvensis_1.bmp	AmanitaceaeAmanita_mairei_1.bmp	BolbitiaceaeConocybe_albipes_1.bmp	EntolomataceaeEntoloma_rhodopolium_1.bmp	HygrophoraceaeHygrophorus_agathosmus_1.bmp	InocybaceaeInocybe_corydalina_1.bmp	Different
218	Mushrooms	EntolomataceaeEntoloma	4	2	3	EntolomataceaeEntoloma_sericellum_2.bmp	MycenaceaeMycena_clavicularis_1.bmp	MycenaceaeMycena_epipterygia_1.bmp	AgaricaceaeAgaricus_arvensis_1.bmp	AmanitaceaeAmanita_mairei_1.bmp	BolbitiaceaeConocybe_albipes_1.bmp	EntolomataceaeEntoloma_rhodopolium_1.bmp	HygrophoraceaeHygrophorus_agathosmus_1.bmp	InocybaceaeInocybe_corydalina_1.bmp	Different
219	Mushrooms	AgaricaceaeAgaricus	1	4	2	AgaricaceaeAgaricus_langei_4.bmp	CortinariaceaeCortinarius_urbicus_1.bmp	CortinariaceaeCortinarius_coerulescentium.bmp	AgaricaceaeAgaricus_arvensis_1.bmp	AmanitaceaeAmanita_mairei_1.bmp	BolbitiaceaeConocybe_albipes_1.bmp	EntolomataceaeEntoloma_rhodopolium_1.bmp	HygrophoraceaeHygrophorus_agathosmus_1.bmp	InocybaceaeInocybe_corydalina_1.bmp	Different
220	Mushrooms	HygrophoraceaeHygrophorus	5	2	2	HygrophoraceaeHygrophorus_eburneus_5.bmp	CortinariaceaeCortinarius_renidens_1.bmp	MycenaceaeMycena_maculata_1.bmp	AgaricaceaeAgaricus_arvensis_1.bmp	AmanitaceaeAmanita_mairei_1.bmp	BolbitiaceaeConocybe_albipes_1.bmp	EntolomataceaeEntoloma_rhodopolium_1.bmp	HygrophoraceaeHygrophorus_agathosmus_1.bmp	InocybaceaeInocybe_corydalina_1.bmp	Different
221	Mushrooms	AmanitaceaeAmanita	2	4	1	AmanitaceaeAmanita_virosa_4.bmp	CortinariaceaeCortinarius_salor_1.bmp	CortinariaceaeCortinarius_caricolor_1.bmp	AgaricaceaeAgaricus_arvensis_1.bmp	AmanitaceaeAmanita_mairei_1.bmp	BolbitiaceaeConocybe_albipes_1.bmp	EntolomataceaeEntoloma_rhodopolium_1.bmp	HygrophoraceaeHygrophorus_agathosmus_1.bmp	InocybaceaeInocybe_corydalina_1.bmp	Different
222	Mushrooms	InocybaceaeInocybe	6	3	1	InocybaceaeInocybe_geophylla_3.bmp	CortinariaceaeCortinarius_anomalus_1.bmp	CortinariaceaeCortinarius_azureovelatus_1.bmp	AgaricaceaeAgaricus_arvensis_1.bmp	AmanitaceaeAmanita_mairei_1.bmp	BolbitiaceaeConocybe_albipes_1.bmp	EntolomataceaeEntoloma_rhodopolium_1.bmp	HygrophoraceaeHygrophorus_agathosmus_1.bmp	InocybaceaeInocybe_corydalina_1.bmp	Different
223	Mushrooms	AgaricaceaeAgaricus	1	3	1	AgaricaceaeAgaricus_campestris_3.bmp	CortinariaceaeCortinarius_luteo-ornatus_1.bmp	CortinariaceaeCortinarius_turmalis_1.bmp	AgaricaceaeAgaricus_arvensis_1.bmp	AmanitaceaeAmanita_mairei_1.bmp	BolbitiaceaeConocybe_albipes_1.bmp	EntolomataceaeEntoloma_rhodopolium_1.bmp	HygrophoraceaeHygrophorus_agathosmus_1.bmp	InocybaceaeInocybe_corydalina_1.bmp	Different
224	Mushrooms	AmanitaceaeAmanita	2	2	2	AmanitaceaeAmanita_phalloides_2.bmp	CortinariaceaeCortinarius_coerulescentium.bmp	CortinariaceaeCortinarius_subbalausintus_1.bmp	AgaricaceaeAgaricus_arvensis_1.bmp	AmanitaceaeAmanita_mairei_1.bmp	BolbitiaceaeConocybe_albipes_1.bmp	EntolomataceaeEntoloma_rhodopolium_1.bmp	HygrophoraceaeHygrophorus_agathosmus_1.bmp	InocybaceaeInocybe_corydalina_1.bmp	Different
225	Mushrooms	BolbitiaceaeConocybe	3	2	3	BolbitiaceaeConocybe_apala_2.bmp	MycenaceaeMycena_cinerella_1.bmp	MycenaceaeMycena_epipterygia_1.bmp	AgaricaceaeAgaricus_arvensis_1.bmp	AmanitaceaeAmanita_mairei_1.bmp	BolbitiaceaeConocybe_albipes_1.bmp	EntolomataceaeEntoloma_rhodopolium_1.bmp	HygrophoraceaeHygrophorus_agathosmus_1.bmp	InocybaceaeInocybe_corydalina_1.bmp	Different
226	Mushrooms	EntolomataceaeEntoloma	4	4	2	EntolomataceaeEntoloma_sinuatum_4.bmp	CortinariaceaeCortinarius_urbicus_1.bmp	MycenaceaeMycena_maculata_1.bmp	AgaricaceaeAgaricus_arvensis_1.bmp	AmanitaceaeAmanita_mairei_1.bmp	BolbitiaceaeConocybe_albipes_1.bmp	EntolomataceaeEntoloma_rhodopolium_1.bmp	HygrophoraceaeHygrophorus_agathosmus_1.bmp	InocybaceaeInocybe_corydalina_1.bmp	Different
227	Mushrooms	BolbitiaceaeConocybe	3	3	2	BolbitiaceaeConocybe_lactea_3.bmp	CortinariaceaeCortinarius_renidens_1.bmp	MycenaceaeMycena_arcangelina_1.bmp	AgaricaceaeAgaricus_arvensis_1.bmp	AmanitaceaeAmanita_mairei_1.bmp	BolbitiaceaeConocybe_albipes_1.bmp	EntolomataceaeEntoloma_rhodopolium_1.bmp	HygrophoraceaeHygrophorus_agathosmus_1.bmp	InocybaceaeInocybe_corydalina_1.bmp	Different
228	Mushrooms	AmanitaceaeAmanita	2	3	1	AmanitaceaeAmanita_cokeri_5.bmp	CortinariaceaeCortinarius_caricolor_1.bmp	MycenaceaeMycena_flavescens_2.bmp	AgaricaceaeAgaricus_arvensis_1.bmp	AmanitaceaeAmanita_mairei_1.bmp	BolbitiaceaeConocybe_albipes_1.bmp	EntolomataceaeEntoloma_rhodopolium_1.bmp	HygrophoraceaeHygrophorus_agathosmus_1.bmp	InocybaceaeInocybe_corydalina_1.bmp	Different
229	Mushrooms	AgaricaceaeAgaricus	1	2	2	AgaricaceaeAgaricus_bisporus_2.bmp	CortinariaceaeCortinarius_azureovelatus_1.bmp	CortinariaceaeCortinarius_cinnamomeus_2.bmp	AgaricaceaeAgaricus_arvensis_1.bmp	AmanitaceaeAmanita_mairei_1.bmp	BolbitiaceaeConocybe_albipes_1.bmp	EntolomataceaeEntoloma_rhodopolium_1.bmp	HygrophoraceaeHygrophorus_agathosmus_1.bmp	InocybaceaeInocybe_corydalina_1.bmp	Different
230	Mushrooms	InocybaceaeInocybe	6	2	2	InocybaceaeInocybe_erubescens_2.bmp	CortinariaceaeCortinarius_anomalus_1.bmp	CortinariaceaeCortinarius_camphoratus_1.bmp	AgaricaceaeAgaricus_arvensis_1.bmp	AmanitaceaeAmanita_mairei_1.bmp	BolbitiaceaeConocybe_albipes_1.bmp	EntolomataceaeEntoloma_rhodopolium_1.bmp	HygrophoraceaeHygrophorus_agathosmus_1.bmp	InocybaceaeInocybe_corydalina_1.bmp	Different
231	Mushrooms	HygrophoraceaeHygrophorus	5	4	3	HygrophoraceaeHygrophorus_subalpinus_4.bmp	CortinariaceaeCortinarius_casimiri_3.bmp	GomphidiaceaeGomphidius_glutinosus_1.bmp	AgaricaceaeAgaricus_arvensis_1.bmp	AmanitaceaeAmanita_mairei_1.bmp	BolbitiaceaeConocybe_albipes_1.bmp	EntolomataceaeEntoloma_rhodopolium_1.bmp	HygrophoraceaeHygrophorus_agathosmus_1.bmp	InocybaceaeInocybe_corydalina_1.bmp	Different
232	Mushrooms	InocybaceaeInocybe	6	4	1	InocybaceaeInocybe_sindonia_4.bmp	CortinariaceaeCortinarius_bataillei_1.bmp	CortinariaceaeCortinarius_cinnamomeus_1.bmp	AgaricaceaeAgaricus_arvensis_1.bmp	AmanitaceaeAmanita_mairei_1.bmp	BolbitiaceaeConocybe_albipes_1.bmp	EntolomataceaeEntoloma_rhodopolium_1.bmp	HygrophoraceaeHygrophorus_agathosmus_1.bmp	InocybaceaeInocybe_corydalina_1.bmp	Different
233	Mushrooms	HygrophoraceaeHygrophorus	5	3	1	HygrophoraceaeHygrophorus_penarioides_3.bmp	CortinariaceaeCortinarius_xantho-ochraceus_1.bmp	TricholomataceaeAmpulloclytocybe_clavipes_1.bmp	AgaricaceaeAgaricus_arvensis_1.bmp	AmanitaceaeAmanita_mairei_1.bmp	BolbitiaceaeConocybe_albipes_1.bmp	EntolomataceaeEntoloma_rhodopolium_1.bmp	HygrophoraceaeHygrophorus_agathosmus_1.bmp	InocybaceaeInocybe_corydalina_1.bmp	Different
234	Mushrooms	EntolomataceaeEntoloma	4	3	2	EntolomataceaeEntoloma_olorium_5.bmp	CortinariaceaeCortinarius_barbatus_1.bmp	CortinariaceaeCortinarius_rigens_1.bmp	AgaricaceaeAgaricus_arvensis_1.bmp	AmanitaceaeAmanita_mairei_1.bmp	BolbitiaceaeConocybe_albipes_1.bmp	EntolomataceaeEntoloma_rhodopolium_1.bmp	HygrophoraceaeHygrophorus_agathosmus_1.bmp	InocybaceaeInocybe_corydalina_1.bmp	Different
235	Mushrooms	BolbitiaceaeConocybe	3	4	3	BolbitiaceaeConocybe_rickenii_4.bmp	MycenaceaeMycena_cinerella_2.bmp	MycenaceaeMycena_clavicularis_1.bmp	AgaricaceaeAgaricus_arvensis_1.bmp	AmanitaceaeAmanita_mairei_1.bmp	BolbitiaceaeConocybe_albipes_1.bmp	EntolomataceaeEntoloma_rhodopolium_1.bmp	HygrophoraceaeHygrophorus_agathosmus_1.bmp	InocybaceaeInocybe_corydalina_1.bmp	Different
236	Mushrooms	EntolomataceaeEntoloma	4	2	1	EntolomataceaeEntoloma_sericellum_2.bmp	MycenaceaeMycena_galericulata.bmp	MycenaceaeMycena_glaopusnigra_1.bmp	AgaricaceaeAgaricus_arvensis_1.bmp	AmanitaceaeAmanita_mairei_1.bmp	BolbitiaceaeConocybe_albipes_1.bmp	EntolomataceaeEntoloma_rhodopolium_1.bmp	HygrophoraceaeHygrophorus_agathosmus_1.bmp	InocybaceaeInocybe_corydalina_1.bmp	Different
237	Mushrooms	AgaricaceaeAgaricus	1	4	3	AgaricaceaeAgaricus_langei_4.bmp	CortinariaceaeCortinarius_camphoratus_2.bmp	CortinariaceaeCortinarius_crassus_1.bmp	AgaricaceaeAgaricus_arvensis_1.bmp	AmanitaceaeAmanita_mairei_1.bmp	BolbitiaceaeConocybe_albipes_1.bmp	EntolomataceaeEntoloma_rhodopolium_1.bmp	HygrophoraceaeHygrophorus_agathosmus_1.bmp	InocybaceaeInocybe_corydalina_1.bmp	Different
238	Mushrooms	HygrophoraceaeHygrophorus	5	2	2	HygrophoraceaeHygrophorus_eburneus_5.bmp	CortinariaceaeCortinarius_barbatus_3.bmp	CortinariaceaeCortinarius_livido-ochraceus_1.bmp	AgaricaceaeAgaricus_arvensis_1.bmp	AmanitaceaeAmanita_mairei_1.bmp	BolbitiaceaeConocybe_albipes_1.bmp	EntolomataceaeEntoloma_rhodopolium_1.bmp	HygrophoraceaeHygrophorus_agathosmus_1.bmp	InocybaceaeInocybe_corydalina_1.bmp	Different
239	Mushrooms	AmanitaceaeAmanita	2	4	3	AmanitaceaeAmanita_virosa_4.bmp	CortinariaceaeCortinarius_torvus_1.bmp	CortinariaceaeCortinarius_transiens_1.bmp	AgaricaceaeAgaricus_arvensis_1.bmp	AmanitaceaeAmanita_mairei_1.bmp	BolbitiaceaeConocybe_albipes_1.bmp	EntolomataceaeEntoloma_rhodopolium_1.bmp	HygrophoraceaeHygrophorus_agathosmus_1.bmp	InocybaceaeInocybe_corydalina_1.bmp	Different
240	Mushrooms	InocybaceaeInocybe	6	3	2	InocybaceaeInocybe_geophylla_3.bmp	PsathyrellaceaeCoprinellus_micaceus_1.bmp	PhysalacriaceaeArmillaria_gallica_1.bmp	AgaricaceaeAgaricus_arvensis_1.bmp	AmanitaceaeAmanita_mairei_1.bmp	BolbitiaceaeConocybe_albipes_1.bmp	EntolomataceaeEntoloma_rhodopolium_1.bmp	HygrophoraceaeHygrophorus_agathosmus_1.bmp	InocybaceaeInocybe_corydalina_1.bmp	Different
241	Owls	ElfOwl	1	1	1	ElfOwl04.bmp	BurrowingOwl01.bmp	ShortearedOwl01.bmp	ElfOwl04.bmp	BarredOwl01.bmp	EurasianEagleOwl12.bmp	NorthernSawwhetOwl01.bmp	SnowyOwl01.bmp	WhiskeredScreechOwl03.bmp	Same
242	Owls	BarredOwl	2	1	3	BarredOwl01.bmp	GreatGrayOwl03.bmp	GreatGrayOwl05.bmp	ElfOwl04.bmp	BarredOwl01.bmp	EurasianEagleOwl12.bmp	NorthernSawwhetOwl01.bmp	SnowyOwl01.bmp	WhiskeredScreechOwl03.bmp	Same
243	Owls	EurasianEagleOwl	3	1	2	EurasianEagleOwl12.bmp	EasternScreechOwlRM06.bmp	FlammulatedOwl06.bmp	ElfOwl04.bmp	BarredOwl01.bmp	EurasianEagleOwl12.bmp	NorthernSawwhetOwl01.bmp	SnowyOwl01.bmp	WhiskeredScreechOwl03.bmp	Same
244	Owls	NorthernSawwhetOwl	4	1	2	NorthernSawwhetOwl01.bmp	BorealOwl09.bmp	FlammulatedOwl07.bmp	ElfOwl04.bmp	BarredOwl01.bmp	EurasianEagleOwl12.bmp	NorthernSawwhetOwl01.bmp	SnowyOwl01.bmp	WhiskeredScreechOwl03.bmp	Same
245	Owls	SnowyOwl	5	1	1	SnowyOwl01.bmp	BarnOwl05.bmp	BarnOwl03.bmp	ElfOwl04.bmp	BarredOwl01.bmp	EurasianEagleOwl12.bmp	NorthernSawwhetOwl01.bmp	SnowyOwl01.bmp	WhiskeredScreechOwl03.bmp	Same
246	Owls	WhiskeredScreechOwl	6	1	1	WhiskeredScreechOwl03.bmp	SpottedOwl13.bmp	SpottedOwl11.bmp	ElfOwl04.bmp	BarredOwl01.bmp	EurasianEagleOwl12.bmp	NorthernSawwhetOwl01.bmp	SnowyOwl01.bmp	WhiskeredScreechOwl03.bmp	Same
247	Owls	ElfOwl	1	1	1	ElfOwl04.bmp	BurrowingOwl04.bmp	BurrowingOwl08.bmp	ElfOwl04.bmp	BarredOwl01.bmp	EurasianEagleOwl12.bmp	NorthernSawwhetOwl01.bmp	SnowyOwl01.bmp	WhiskeredScreechOwl03.bmp	Same
248	Owls	BarredOwl	2	1	2	BarredOwl01.bmp	GreatGrayOwl04.bmp	SpottedOwl02.bmp	ElfOwl04.bmp	BarredOwl01.bmp	EurasianEagleOwl12.bmp	NorthernSawwhetOwl01.bmp	SnowyOwl01.bmp	WhiskeredScreechOwl03.bmp	Same
249	Owls	EurasianEagleOwl	3	1	3	EurasianEagleOwl12.bmp	GreatHornedOwl01.bmp	GreatHornedOwl04.bmp	ElfOwl04.bmp	BarredOwl01.bmp	EurasianEagleOwl12.bmp	NorthernSawwhetOwl01.bmp	SnowyOwl01.bmp	WhiskeredScreechOwl03.bmp	Same
250	Owls	NorthernSawwhetOwl	4	1	2	NorthernSawwhetOwl01.bmp	ShortearedOwl05.bmp	SpottedOwl01.bmp	ElfOwl04.bmp	BarredOwl01.bmp	EurasianEagleOwl12.bmp	NorthernSawwhetOwl01.bmp	SnowyOwl01.bmp	WhiskeredScreechOwl03.bmp	Same
251	Owls	SnowyOwl	5	1	2	SnowyOwl01.bmp	BarnOwl01.bmp	BarnOwl07.bmp	ElfOwl04.bmp	BarredOwl01.bmp	EurasianEagleOwl12.bmp	NorthernSawwhetOwl01.bmp	SnowyOwl01.bmp	WhiskeredScreechOwl03.bmp	Same
252	Owls	WhiskeredScreechOwl	6	1	1	WhiskeredScreechOwl03.bmp	EasternScreechOwlRM01.bmp	NorthernPygmyOwl01.bmp	ElfOwl04.bmp	BarredOwl01.bmp	EurasianEagleOwl12.bmp	NorthernSawwhetOwl01.bmp	SnowyOwl01.bmp	WhiskeredScreechOwl03.bmp	Same
253	Owls	ElfOwl	1	3	2	ElfOwl01.bmp	BurrowingOwl08.bmp	BurrowingOwl07.bmp	ElfOwl04.bmp	BarredOwl01.bmp	EurasianEagleOwl12.bmp	NorthernSawwhetOwl01.bmp	SnowyOwl01.bmp	WhiskeredScreechOwl03.bmp	Different
254	Owls	BarredOwl	2	2	2	BarredOwl05.bmp	BorealOwl08.bmp	BorealOwl10.bmp	ElfOwl04.bmp	BarredOwl01.bmp	EurasianEagleOwl12.bmp	NorthernSawwhetOwl01.bmp	SnowyOwl01.bmp	WhiskeredScreechOwl03.bmp	Different
255	Owls	EurasianEagleOwl	3	2	3	EurasianEagleOwl10.bmp	GreatHornedOwl01.bmp	GreatHornedOwl02.bmp	ElfOwl04.bmp	BarredOwl01.bmp	EurasianEagleOwl12.bmp	NorthernSawwhetOwl01.bmp	SnowyOwl01.bmp	WhiskeredScreechOwl03.bmp	Different
256	Owls	NorthernSawwhetOwl	4	4	1	NorthernSawwhetOwl09.bmp	ShortearedOwl06.bmp	NorthernPygmyOwl07.bmp	ElfOwl04.bmp	BarredOwl01.bmp	EurasianEagleOwl12.bmp	NorthernSawwhetOwl01.bmp	SnowyOwl01.bmp	WhiskeredScreechOwl03.bmp	Different
257	Owls	EurasianEagleOwl	3	3	1	EurasianEagleOwl09.bmp	GreatHornedOwl10.bmp	LongearedOwl02.bmp	ElfOwl04.bmp	BarredOwl01.bmp	EurasianEagleOwl12.bmp	NorthernSawwhetOwl01.bmp	SnowyOwl01.bmp	WhiskeredScreechOwl03.bmp	Different
258	Owls	BarredOwl	2	3	2	BarredOwl08.bmp	GreatGrayOwl02.bmp	GreatGrayOwl04.bmp	ElfOwl04.bmp	BarredOwl01.bmp	EurasianEagleOwl12.bmp	NorthernSawwhetOwl01.bmp	SnowyOwl01.bmp	WhiskeredScreechOwl03.bmp	Different
259	Owls	ElfOwl	1	2	3	ElfOwl09.bmp	BurrowingOwl04.bmp	ShortearedOwl02.bmp	ElfOwl04.bmp	BarredOwl01.bmp	EurasianEagleOwl12.bmp	NorthernSawwhetOwl01.bmp	SnowyOwl01.bmp	WhiskeredScreechOwl03.bmp	Different
260	Owls	WhiskeredScreechOwl	6	2	1	WhiskeredScreechOwl04.bmp	SpottedOwl12.bmp	EasternScreechOwlRM01.bmp	ElfOwl04.bmp	BarredOwl01.bmp	EurasianEagleOwl12.bmp	NorthernSawwhetOwl01.bmp	SnowyOwl01.bmp	WhiskeredScreechOwl03.bmp	Different
261	Owls	SnowyOwl	5	4	3	SnowyOwl06.bmp	BarnOwl01.bmp	BarnOwl10.bmp	ElfOwl04.bmp	BarredOwl01.bmp	EurasianEagleOwl12.bmp	NorthernSawwhetOwl01.bmp	SnowyOwl01.bmp	WhiskeredScreechOwl03.bmp	Different
262	Owls	WhiskeredScreechOwl	6	4	2	WhiskeredScreechOwl07.bmp	FlammulatedOwl09.bmp	NorthernPygmyOwl01.bmp	ElfOwl04.bmp	BarredOwl01.bmp	EurasianEagleOwl12.bmp	NorthernSawwhetOwl01.bmp	SnowyOwl01.bmp	WhiskeredScreechOwl03.bmp	Different
263	Owls	SnowyOwl	5	3	3	SnowyOwl03.bmp	BarnOwl07.bmp	BarnOwl09.bmp	ElfOwl04.bmp	BarredOwl01.bmp	EurasianEagleOwl12.bmp	NorthernSawwhetOwl01.bmp	SnowyOwl01.bmp	WhiskeredScreechOwl03.bmp	Different
264	Owls	NorthernSawwhetOwl	4	3	2	NorthernSawwhetOwl08.bmp	ShortearedOwl05.bmp	NorthernPygmyOwl05.bmp	ElfOwl04.bmp	BarredOwl01.bmp	EurasianEagleOwl12.bmp	NorthernSawwhetOwl01.bmp	SnowyOwl01.bmp	WhiskeredScreechOwl03.bmp	Different
265	Owls	EurasianEagleOwl	3	4	1	EurasianEagleOwl11.bmp	EasternScreechOwlRM11.bmp	GreatHornedOwl04.bmp	ElfOwl04.bmp	BarredOwl01.bmp	EurasianEagleOwl12.bmp	NorthernSawwhetOwl01.bmp	SnowyOwl01.bmp	WhiskeredScreechOwl03.bmp	Different
266	Owls	NorthernSawwhetOwl	4	2	3	NorthernSawwhetOwl07.bmp	FlammulatedOwl08.bmp	NorthernPygmyOwl02.bmp	ElfOwl04.bmp	BarredOwl01.bmp	EurasianEagleOwl12.bmp	NorthernSawwhetOwl01.bmp	SnowyOwl01.bmp	WhiskeredScreechOwl03.bmp	Different
267	Owls	ElfOwl	1	4	2	ElfOwl06.bmp	BurrowingOwl10.bmp	SpottedOwl01.bmp	ElfOwl04.bmp	BarredOwl01.bmp	EurasianEagleOwl12.bmp	NorthernSawwhetOwl01.bmp	SnowyOwl01.bmp	WhiskeredScreechOwl03.bmp	Different
268	Owls	SnowyOwl	5	2	2	SnowyOwl02.bmp	BarnOwl06.bmp	BarnOwl08.bmp	ElfOwl04.bmp	BarredOwl01.bmp	EurasianEagleOwl12.bmp	NorthernSawwhetOwl01.bmp	SnowyOwl01.bmp	WhiskeredScreechOwl03.bmp	Different
269	Owls	BarredOwl	2	4	1	BarredOwl10.bmp	SpottedOwl02.bmp	BorealOwl04.bmp	ElfOwl04.bmp	BarredOwl01.bmp	EurasianEagleOwl12.bmp	NorthernSawwhetOwl01.bmp	SnowyOwl01.bmp	WhiskeredScreechOwl03.bmp	Different
270	Owls	WhiskeredScreechOwl	6	3	1	WhiskeredScreechOwl05.bmp	NorthernHawkOwl10.bmp	SpottedOwl09.bmp	ElfOwl04.bmp	BarredOwl01.bmp	EurasianEagleOwl12.bmp	NorthernSawwhetOwl01.bmp	SnowyOwl01.bmp	WhiskeredScreechOwl03.bmp	Different
271	Owls	ElfOwl	1	3	1	ElfOwl01.bmp	BorealOwl09.bmp	BurrowingOwl01.bmp	ElfOwl04.bmp	BarredOwl01.bmp	EurasianEagleOwl12.bmp	NorthernSawwhetOwl01.bmp	SnowyOwl01.bmp	WhiskeredScreechOwl03.bmp	Different
272	Owls	BarredOwl	2	2	2	BarredOwl05.bmp	GreatGrayOwl02.bmp	GreatGrayOwl05.bmp	ElfOwl04.bmp	BarredOwl01.bmp	EurasianEagleOwl12.bmp	NorthernSawwhetOwl01.bmp	SnowyOwl01.bmp	WhiskeredScreechOwl03.bmp	Different
273	Owls	EurasianEagleOwl	3	2	3	EurasianEagleOwl10.bmp	EasternScreechOwlRM07.bmp	GreatHornedOwl10.bmp	ElfOwl04.bmp	BarredOwl01.bmp	EurasianEagleOwl12.bmp	NorthernSawwhetOwl01.bmp	SnowyOwl01.bmp	WhiskeredScreechOwl03.bmp	Different
274	Owls	NorthernSawwhetOwl	4	4	2	NorthernSawwhetOwl09.bmp	NorthernHawkOwl10.bmp	ShortearedOwl02.bmp	ElfOwl04.bmp	BarredOwl01.bmp	EurasianEagleOwl12.bmp	NorthernSawwhetOwl01.bmp	SnowyOwl01.bmp	WhiskeredScreechOwl03.bmp	Different
275	Owls	EurasianEagleOwl	3	3	2	EurasianEagleOwl09.bmp	EasternScreechOwlRM11.bmp	GreatHornedOwl02.bmp	ElfOwl04.bmp	BarredOwl01.bmp	EurasianEagleOwl12.bmp	NorthernSawwhetOwl01.bmp	SnowyOwl01.bmp	WhiskeredScreechOwl03.bmp	Different
276	Owls	BarredOwl	2	3	1	BarredOwl08.bmp	BorealOwl04.bmp	GreatGrayOwl03.bmp	ElfOwl04.bmp	BarredOwl01.bmp	EurasianEagleOwl12.bmp	NorthernSawwhetOwl01.bmp	SnowyOwl01.bmp	WhiskeredScreechOwl03.bmp	Different
277	Owls	ElfOwl	1	2	2	ElfOwl09.bmp	BurrowingOwl07.bmp	BurrowingOwl10.bmp	ElfOwl04.bmp	BarredOwl01.bmp	EurasianEagleOwl12.bmp	NorthernSawwhetOwl01.bmp	SnowyOwl01.bmp	WhiskeredScreechOwl03.bmp	Different
278	Owls	WhiskeredScreechOwl	6	2	2	WhiskeredScreechOwl04.bmp	SpottedOwl09.bmp	SpottedOwl11.bmp	ElfOwl04.bmp	BarredOwl01.bmp	EurasianEagleOwl12.bmp	NorthernSawwhetOwl01.bmp	SnowyOwl01.bmp	WhiskeredScreechOwl03.bmp	Different
279	Owls	SnowyOwl	5	4	3	SnowyOwl06.bmp	BarnOwl05.bmp	BarnOwl06.bmp	ElfOwl04.bmp	BarredOwl01.bmp	EurasianEagleOwl12.bmp	NorthernSawwhetOwl01.bmp	SnowyOwl01.bmp	WhiskeredScreechOwl03.bmp	Different
280	Owls	WhiskeredScreechOwl	6	4	1	WhiskeredScreechOwl07.bmp	LongearedOwl02.bmp	NorthernPygmyOwl07.bmp	ElfOwl04.bmp	BarredOwl01.bmp	EurasianEagleOwl12.bmp	NorthernSawwhetOwl01.bmp	SnowyOwl01.bmp	WhiskeredScreechOwl03.bmp	Different
281	Owls	SnowyOwl	5	3	1	SnowyOwl03.bmp	BarnOwl08.bmp	BarnOwl10.bmp	ElfOwl04.bmp	BarredOwl01.bmp	EurasianEagleOwl12.bmp	NorthernSawwhetOwl01.bmp	SnowyOwl01.bmp	WhiskeredScreechOwl03.bmp	Different
282	Owls	NorthernSawwhetOwl	4	3	2	NorthernSawwhetOwl08.bmp	FlammulatedOwl08.bmp	ShortearedOwl06.bmp	ElfOwl04.bmp	BarredOwl01.bmp	EurasianEagleOwl12.bmp	NorthernSawwhetOwl01.bmp	SnowyOwl01.bmp	WhiskeredScreechOwl03.bmp	Different
283	Owls	EurasianEagleOwl	3	4	3	EurasianEagleOwl11.bmp	EasternScreechOwlRM06.bmp	EasternScreechOwlRM07.bmp	ElfOwl04.bmp	BarredOwl01.bmp	EurasianEagleOwl12.bmp	NorthernSawwhetOwl01.bmp	SnowyOwl01.bmp	WhiskeredScreechOwl03.bmp	Different
284	Owls	NorthernSawwhetOwl	4	2	1	NorthernSawwhetOwl07.bmp	FlammulatedOwl07.bmp	FlammulatedOwl09.bmp	ElfOwl04.bmp	BarredOwl01.bmp	EurasianEagleOwl12.bmp	NorthernSawwhetOwl01.bmp	SnowyOwl01.bmp	WhiskeredScreechOwl03.bmp	Different
285	Owls	ElfOwl	1	4	3	ElfOwl06.bmp	FlammulatedOwl06.bmp	NorthernPygmyOwl02.bmp	ElfOwl04.bmp	BarredOwl01.bmp	EurasianEagleOwl12.bmp	NorthernSawwhetOwl01.bmp	SnowyOwl01.bmp	WhiskeredScreechOwl03.bmp	Different
286	Owls	SnowyOwl	5	2	2	SnowyOwl02.bmp	BarnOwl03.bmp	BarnOwl09.bmp	ElfOwl04.bmp	BarredOwl01.bmp	EurasianEagleOwl12.bmp	NorthernSawwhetOwl01.bmp	SnowyOwl01.bmp	WhiskeredScreechOwl03.bmp	Different
287	Owls	BarredOwl	2	4	3	BarredOwl10.bmp	BorealOwl08.bmp	BorealOwl10.bmp	ElfOwl04.bmp	BarredOwl01.bmp	EurasianEagleOwl12.bmp	NorthernSawwhetOwl01.bmp	SnowyOwl01.bmp	WhiskeredScreechOwl03.bmp	Different
288	Owls	WhiskeredScreechOwl	6	3	2	WhiskeredScreechOwl05.bmp	NorthernPygmyOwl05.bmp	ShortearedOwl01.bmp	ElfOwl04.bmp	BarredOwl01.bmp	EurasianEagleOwl12.bmp	NorthernSawwhetOwl01.bmp	SnowyOwl01.bmp	WhiskeredScreechOwl03.bmp	Different
289	Planes	707	1	1	1	707_1.bmp	747_2.bmp	767_2.bmp	707_1.bmp	717_1.bmp	C5Galaxy_1.bmp	StearmanPT13_1.bmp	SU47_1.bmp	T6Texan_1.bmp	Same
290	Planes	717	2	1	3	717_1.bmp	747_1.bmp	777_1.bmp	707_1.bmp	717_1.bmp	C5Galaxy_1.bmp	StearmanPT13_1.bmp	SU47_1.bmp	T6Texan_1.bmp	Same
291	Planes	C5Galaxy	3	1	2	C5Galaxy_1.bmp	C141Starlifter_4.bmp	C141Starlifter_1.bmp	707_1.bmp	717_1.bmp	C5Galaxy_1.bmp	StearmanPT13_1.bmp	SU47_1.bmp	T6Texan_1.bmp	Same
292	Planes	StearmanPT13	4	1	2	StearmanPT13_1.bmp	FairchildFC2_2.bmp	FairchildFC2_1.bmp	707_1.bmp	717_1.bmp	C5Galaxy_1.bmp	StearmanPT13_1.bmp	SU47_1.bmp	T6Texan_1.bmp	Same
293	Planes	SU47	5	1	1	SU47_1.bmp	F15_1.bmp	MikoyanMiG29_1.bmp	707_1.bmp	717_1.bmp	C5Galaxy_1.bmp	StearmanPT13_1.bmp	SU47_1.bmp	T6Texan_1.bmp	Same
294	Planes	T6Texan	6	1	2	T6Texan_1.bmp	SeverskyP35_1.bmp	SeverskyP35_2.bmp	707_1.bmp	717_1.bmp	C5Galaxy_1.bmp	StearmanPT13_1.bmp	SU47_1.bmp	T6Texan_1.bmp	Same
295	Planes	707	1	1	1	707_1.bmp	757_1.bmp	737_1.bmp	707_1.bmp	717_1.bmp	C5Galaxy_1.bmp	StearmanPT13_1.bmp	SU47_1.bmp	T6Texan_1.bmp	Same
296	Planes	717	2	1	2	717_1.bmp	727_1.bmp	737_2.bmp	707_1.bmp	717_1.bmp	C5Galaxy_1.bmp	StearmanPT13_1.bmp	SU47_1.bmp	T6Texan_1.bmp	Same
297	Planes	C5Galaxy	3	1	3	C5Galaxy_1.bmp	Saab29_2.bmp	C141Starlifter_3.bmp	707_1.bmp	717_1.bmp	C5Galaxy_1.bmp	StearmanPT13_1.bmp	SU47_1.bmp	T6Texan_1.bmp	Same
298	Planes	StearmanPT13	4	1	2	StearmanPT13_1.bmp	RearwinSportster_2.bmp	RearwinSportster_1.bmp	707_1.bmp	717_1.bmp	C5Galaxy_1.bmp	StearmanPT13_1.bmp	SU47_1.bmp	T6Texan_1.bmp	Same
299	Planes	SU47	5	1	1	SU47_1.bmp	F15_2.bmp	F16_1.bmp	707_1.bmp	717_1.bmp	C5Galaxy_1.bmp	StearmanPT13_1.bmp	SU47_1.bmp	T6Texan_1.bmp	Same
300	Planes	T6Texan	6	1	1	T6Texan_1.bmp	LavochkinLa9_2.bmp	NakajimaKi43_2.bmp	707_1.bmp	717_1.bmp	C5Galaxy_1.bmp	StearmanPT13_1.bmp	SU47_1.bmp	T6Texan_1.bmp	Same
301	Planes	707	1	3	2	707_3.bmp	757_1.bmp	767_1.bmp	707_1.bmp	717_1.bmp	C5Galaxy_1.bmp	StearmanPT13_1.bmp	SU47_1.bmp	T6Texan_1.bmp	Different
302	Planes	717	2	2	2	717_2.bmp	727_2.bmp	777_2.bmp	707_1.bmp	717_1.bmp	C5Galaxy_1.bmp	StearmanPT13_1.bmp	SU47_1.bmp	T6Texan_1.bmp	Different
303	Planes	C5Galaxy	3	2	3	C5Galaxy_2.bmp	Saab29_2.bmp	C141Starlifter_5.bmp	707_1.bmp	717_1.bmp	C5Galaxy_1.bmp	StearmanPT13_1.bmp	SU47_1.bmp	T6Texan_1.bmp	Different
304	Planes	StearmanPT13	4	4	1	StearmanPT13_4.bmp	RearwinSportster_1.bmp	AeroncaL3B_2.bmp	707_1.bmp	717_1.bmp	C5Galaxy_1.bmp	StearmanPT13_1.bmp	SU47_1.bmp	T6Texan_1.bmp	Different
305	Planes	C5Galaxy	3	3	1	C5Galaxy_3.bmp	C141Starlifter_3.bmp	C141Starlifter_2.bmp	707_1.bmp	717_1.bmp	C5Galaxy_1.bmp	StearmanPT13_1.bmp	SU47_1.bmp	T6Texan_1.bmp	Different
306	Planes	717	2	3	2	717_3.bmp	airbus_1.bmp	airbus_2.bmp	707_1.bmp	717_1.bmp	C5Galaxy_1.bmp	StearmanPT13_1.bmp	SU47_1.bmp	T6Texan_1.bmp	Different
307	Planes	707	1	2	3	707_2.bmp	md11_2.bmp	737_1.bmp	707_1.bmp	717_1.bmp	C5Galaxy_1.bmp	StearmanPT13_1.bmp	SU47_1.bmp	T6Texan_1.bmp	Different
308	Planes	T6Texan	6	2	1	T6Texan_2.bmp	CACBoomerang_2.bmp	CACBoomerang_1.bmp	707_1.bmp	717_1.bmp	C5Galaxy_1.bmp	StearmanPT13_1.bmp	SU47_1.bmp	T6Texan_1.bmp	Different
309	Planes	SU47	5	4	3	SU47_4.bmp	F16_1.bmp	X35JointStrikeFighter_2.bmp	707_1.bmp	717_1.bmp	C5Galaxy_1.bmp	StearmanPT13_1.bmp	SU47_1.bmp	T6Texan_1.bmp	Different
310	Planes	T6Texan	6	4	2	T6Texan_4.bmp	NakajimaKi43_1.bmp	NakajimaKi43_2.bmp	707_1.bmp	717_1.bmp	C5Galaxy_1.bmp	StearmanPT13_1.bmp	SU47_1.bmp	T6Texan_1.bmp	Different
311	Planes	SU47	5	3	3	SU47_3.bmp	F15_2.bmp	AV8BHarrier_1.bmp	707_1.bmp	717_1.bmp	C5Galaxy_1.bmp	StearmanPT13_1.bmp	SU47_1.bmp	T6Texan_1.bmp	Different
312	Planes	StearmanPT13	4	3	2	StearmanPT13_3.bmp	RearwinSportster_2.bmp	CurtisP6E_1.bmp	707_1.bmp	717_1.bmp	C5Galaxy_1.bmp	StearmanPT13_1.bmp	SU47_1.bmp	T6Texan_1.bmp	Different
313	Planes	C5Galaxy	3	4	1	C5Galaxy_4.bmp	BoeingC17Globemsater_1.bmp	BoeingC17Globemsater_2.bmp	707_1.bmp	717_1.bmp	C5Galaxy_1.bmp	StearmanPT13_1.bmp	SU47_1.bmp	T6Texan_1.bmp	Different
314	Planes	StearmanPT13	4	2	3	StearmanPT13_2.bmp	Fairchild22_1.bmp	Fairchild22_2.bmp	707_1.bmp	717_1.bmp	C5Galaxy_1.bmp	StearmanPT13_1.bmp	SU47_1.bmp	T6Texan_1.bmp	Different
315	Planes	707	1	4	2	707_4.bmp	md11_1.bmp	757_2.bmp	707_1.bmp	717_1.bmp	C5Galaxy_1.bmp	StearmanPT13_1.bmp	SU47_1.bmp	T6Texan_1.bmp	Different
316	Planes	SU47	5	2	2	SU47_2.bmp	ChengduJ10_1.bmp	MikoyanMiG29_2.bmp	707_1.bmp	717_1.bmp	C5Galaxy_1.bmp	StearmanPT13_1.bmp	SU47_1.bmp	T6Texan_1.bmp	Different
317	Planes	717	2	4	1	717_4.bmp	727_1.bmp	737_2.bmp	707_1.bmp	717_1.bmp	C5Galaxy_1.bmp	StearmanPT13_1.bmp	SU47_1.bmp	T6Texan_1.bmp	Different
318	Planes	T6Texan	6	3	1	T6Texan_3.bmp	LavochkinLa9_1.bmp	LavochkinLa9_2.bmp	707_1.bmp	717_1.bmp	C5Galaxy_1.bmp	StearmanPT13_1.bmp	SU47_1.bmp	T6Texan_1.bmp	Different
319	Planes	707	1	3	1	707_3.bmp	767_2.bmp	md11_1.bmp	707_1.bmp	717_1.bmp	C5Galaxy_1.bmp	StearmanPT13_1.bmp	SU47_1.bmp	T6Texan_1.bmp	Different
320	Planes	717	2	2	3	717_2.bmp	airbus_1.bmp	airbus_2.bmp	707_1.bmp	717_1.bmp	C5Galaxy_1.bmp	StearmanPT13_1.bmp	SU47_1.bmp	T6Texan_1.bmp	Different
321	Planes	C5Galaxy	3	2	2	C5Galaxy_2.bmp	BoeingC17Globemsater_2.bmp	C141Starlifter_2.bmp	707_1.bmp	717_1.bmp	C5Galaxy_1.bmp	StearmanPT13_1.bmp	SU47_1.bmp	T6Texan_1.bmp	Different
322	Planes	StearmanPT13	4	4	2	StearmanPT13_4.bmp	FairchildFC2_1.bmp	FairchildFC2_2.bmp	707_1.bmp	717_1.bmp	C5Galaxy_1.bmp	StearmanPT13_1.bmp	SU47_1.bmp	T6Texan_1.bmp	Different
323	Planes	C5Galaxy	3	3	2	C5Galaxy_3.bmp	BoeingC17Globemsater_1.bmp	C141Starlifter_5.bmp	707_1.bmp	717_1.bmp	C5Galaxy_1.bmp	StearmanPT13_1.bmp	SU47_1.bmp	T6Texan_1.bmp	Different
324	Planes	717	2	3	1	717_3.bmp	777_1.bmp	777_2.bmp	707_1.bmp	717_1.bmp	C5Galaxy_1.bmp	StearmanPT13_1.bmp	SU47_1.bmp	T6Texan_1.bmp	Different
325	Planes	707	1	2	2	707_2.bmp	757_2.bmp	767_1.bmp	707_1.bmp	717_1.bmp	C5Galaxy_1.bmp	StearmanPT13_1.bmp	SU47_1.bmp	T6Texan_1.bmp	Different
326	Planes	T6Texan	6	2	2	T6Texan_2.bmp	SeverskyP35_1.bmp	SeverskyP35_2.bmp	707_1.bmp	717_1.bmp	C5Galaxy_1.bmp	StearmanPT13_1.bmp	SU47_1.bmp	T6Texan_1.bmp	Different
327	Planes	SU47	5	4	3	SU47_4.bmp	MikoyanMiG29_1.bmp	MikoyanMiG29_2.bmp	707_1.bmp	717_1.bmp	C5Galaxy_1.bmp	StearmanPT13_1.bmp	SU47_1.bmp	T6Texan_1.bmp	Different
328	Planes	T6Texan	6	4	1	T6Texan_4.bmp	CACBoomerang_2.bmp	LavochkinLa9_1.bmp	707_1.bmp	717_1.bmp	C5Galaxy_1.bmp	StearmanPT13_1.bmp	SU47_1.bmp	T6Texan_1.bmp	Different
329	Planes	SU47	5	3	1	SU47_3.bmp	ChengduJ10_1.bmp	X35JointStrikeFighter_2.bmp	707_1.bmp	717_1.bmp	C5Galaxy_1.bmp	StearmanPT13_1.bmp	SU47_1.bmp	T6Texan_1.bmp	Different
330	Planes	StearmanPT13	4	3	2	StearmanPT13_3.bmp	Fairchild22_1.bmp	Fairchild22_2.bmp	707_1.bmp	717_1.bmp	C5Galaxy_1.bmp	StearmanPT13_1.bmp	SU47_1.bmp	T6Texan_1.bmp	Different
331	Planes	C5Galaxy	3	4	3	C5Galaxy_4.bmp	C141Starlifter_4.bmp	C141Starlifter_1.bmp	707_1.bmp	717_1.bmp	C5Galaxy_1.bmp	StearmanPT13_1.bmp	SU47_1.bmp	T6Texan_1.bmp	Different
332	Planes	StearmanPT13	4	2	1	StearmanPT13_2.bmp	AeroncaL3B_2.bmp	CurtisP6E_1.bmp	707_1.bmp	717_1.bmp	C5Galaxy_1.bmp	StearmanPT13_1.bmp	SU47_1.bmp	T6Texan_1.bmp	Different
333	Planes	707	1	4	3	707_4.bmp	747_2.bmp	md11_2.bmp	707_1.bmp	717_1.bmp	C5Galaxy_1.bmp	StearmanPT13_1.bmp	SU47_1.bmp	T6Texan_1.bmp	Different
334	Planes	SU47	5	2	2	SU47_2.bmp	AV8BHarrier_1.bmp	F15_1.bmp	707_1.bmp	717_1.bmp	C5Galaxy_1.bmp	StearmanPT13_1.bmp	SU47_1.bmp	T6Texan_1.bmp	Different
335	Planes	717	2	4	3	717_4.bmp	727_2.bmp	747_1.bmp	707_1.bmp	717_1.bmp	C5Galaxy_1.bmp	StearmanPT13_1.bmp	SU47_1.bmp	T6Texan_1.bmp	Different
336	Planes	T6Texan	6	3	2	T6Texan_3.bmp	CACBoomerang_1.bmp	NakajimaKi43_1.bmp	707_1.bmp	717_1.bmp	C5Galaxy_1.bmp	StearmanPT13_1.bmp	SU47_1.bmp	T6Texan_1.bmp	Different
337	WadingBirds	Black-crownedNight-Heron	1	1	1	Black-crownedNight-Heron02.bmp	LeastBittern09.bmp	GreenHeron09.bmp	Black-crownedNight-Heron02.bmp	GreatBlueHeron03.bmp	GreatEgret04.bmp	Limpkin02.bmp	SnowyEgret05.bmp	WoodStork04.bmp	Same
338	WadingBirds	GreatBlueHeron	2	1	3	GreatBlueHeron03.bmp	GlossyIbis06.bmp	LittleBlueHeron03.bmp	Black-crownedNight-Heron02.bmp	GreatBlueHeron03.bmp	GreatEgret04.bmp	Limpkin02.bmp	SnowyEgret05.bmp	WoodStork04.bmp	Same
339	WadingBirds	GreatEgret	3	1	2	GreatEgret04.bmp	LittleBlueHeron08.bmp	TricoloredHeron02.bmp	Black-crownedNight-Heron02.bmp	GreatBlueHeron03.bmp	GreatEgret04.bmp	Limpkin02.bmp	SnowyEgret05.bmp	WoodStork04.bmp	Same
340	WadingBirds	Limpkin	4	1	1	Limpkin02.bmp	TricoloredHeron06.bmp	SandhillCrane03.bmp	Black-crownedNight-Heron02.bmp	GreatBlueHeron03.bmp	GreatEgret04.bmp	Limpkin02.bmp	SnowyEgret05.bmp	WoodStork04.bmp	Same
341	WadingBirds	SnowyEgret	5	1	2	SnowyEgret05.bmp	CattleEgret04.bmp	CattleEgret01.bmp	Black-crownedNight-Heron02.bmp	GreatBlueHeron03.bmp	GreatEgret04.bmp	Limpkin02.bmp	SnowyEgret05.bmp	WoodStork04.bmp	Same
342	WadingBirds	WoodStork	6	1	1	WoodStork04.bmp	WhiteIbis07.bmp	WhiteIbis02.bmp	Black-crownedNight-Heron02.bmp	GreatBlueHeron03.bmp	GreatEgret04.bmp	Limpkin02.bmp	SnowyEgret05.bmp	WoodStork04.bmp	Same
343	WadingBirds	Black-crownedNight-Heron	1	1	1	Black-crownedNight-Heron02.bmp	LeastBittern07.bmp	Yellow-crownedNight-Heron06.bmp	Black-crownedNight-Heron02.bmp	GreatBlueHeron03.bmp	GreatEgret04.bmp	Limpkin02.bmp	SnowyEgret05.bmp	WoodStork04.bmp	Same
344	WadingBirds	GreatBlueHeron	2	1	2	GreatBlueHeron03.bmp	LittleBlueHeron04.bmp	LittleBlueHeron06.bmp	Black-crownedNight-Heron02.bmp	GreatBlueHeron03.bmp	GreatEgret04.bmp	Limpkin02.bmp	SnowyEgret05.bmp	WoodStork04.bmp	Same
345	WadingBirds	GreatEgret	3	1	3	GreatEgret04.bmp	SandhillCrane06.bmp	TricoloredHeron06.bmp	Black-crownedNight-Heron02.bmp	GreatBlueHeron03.bmp	GreatEgret04.bmp	Limpkin02.bmp	SnowyEgret05.bmp	WoodStork04.bmp	Same
346	WadingBirds	Limpkin	4	1	2	Limpkin02.bmp	GreenHeron05.bmp	SandhillCrane04.bmp	Black-crownedNight-Heron02.bmp	GreatBlueHeron03.bmp	GreatEgret04.bmp	Limpkin02.bmp	SnowyEgret05.bmp	WoodStork04.bmp	Same
347	WadingBirds	SnowyEgret	5	1	2	SnowyEgret05.bmp	CattleEgret05.bmp	LittleBlueHeron10.bmp	Black-crownedNight-Heron02.bmp	GreatBlueHeron03.bmp	GreatEgret04.bmp	Limpkin02.bmp	SnowyEgret05.bmp	WoodStork04.bmp	Same
348	WadingBirds	WoodStork	6	1	1	WoodStork04.bmp	RoseateSpoonbill04.bmp	RoseateSpoonbill09.bmp	Black-crownedNight-Heron02.bmp	GreatBlueHeron03.bmp	GreatEgret04.bmp	Limpkin02.bmp	SnowyEgret05.bmp	WoodStork04.bmp	Same
349	WadingBirds	Black-crownedNight-Heron	1	3	2	Black-crownedNight-Heron08.bmp	LeastBittern05.bmp	LeastBittern08.bmp	Black-crownedNight-Heron02.bmp	GreatBlueHeron03.bmp	GreatEgret04.bmp	Limpkin02.bmp	SnowyEgret05.bmp	WoodStork04.bmp	Different
350	WadingBirds	GreatBlueHeron	2	2	2	GreatBlueHeron06.bmp	TricoloredHeron05.bmp	GreenHeron05.bmp	Black-crownedNight-Heron02.bmp	GreatBlueHeron03.bmp	GreatEgret04.bmp	Limpkin02.bmp	SnowyEgret05.bmp	WoodStork04.bmp	Different
351	WadingBirds	GreatEgret	3	2	3	GreatEgret07.bmp	LittleBlueHeron05.bmp	LittleBlueHeron07.bmp	Black-crownedNight-Heron02.bmp	GreatBlueHeron03.bmp	GreatEgret04.bmp	Limpkin02.bmp	SnowyEgret05.bmp	WoodStork04.bmp	Different
352	WadingBirds	Limpkin	4	4	1	Limpkin08.bmp	SandhillCrane04.bmp	SandhillCrane07.bmp	Black-crownedNight-Heron02.bmp	GreatBlueHeron03.bmp	GreatEgret04.bmp	Limpkin02.bmp	SnowyEgret05.bmp	WoodStork04.bmp	Different
353	WadingBirds	GreatEgret	3	3	1	GreatEgret08.bmp	LittleBlueHeron04.bmp	LittleBlueHeron06.bmp	Black-crownedNight-Heron02.bmp	GreatBlueHeron03.bmp	GreatEgret04.bmp	Limpkin02.bmp	SnowyEgret05.bmp	WoodStork04.bmp	Different
354	WadingBirds	GreatBlueHeron	2	3	2	GreatBlueHeron08.bmp	GlossyIbis04.bmp	GlossyIbis07.bmp	Black-crownedNight-Heron02.bmp	GreatBlueHeron03.bmp	GreatEgret04.bmp	Limpkin02.bmp	SnowyEgret05.bmp	WoodStork04.bmp	Different
355	WadingBirds	Black-crownedNight-Heron	1	2	3	Black-crownedNight-Heron07.bmp	LeastBittern10.bmp	LeastBittern02.bmp	Black-crownedNight-Heron02.bmp	GreatBlueHeron03.bmp	GreatEgret04.bmp	Limpkin02.bmp	SnowyEgret05.bmp	WoodStork04.bmp	Different
356	WadingBirds	WoodStork	6	2	1	WoodStork03.bmp	RoseateSpoonbill10.bmp	WhiteIbis03.bmp	Black-crownedNight-Heron02.bmp	GreatBlueHeron03.bmp	GreatEgret04.bmp	Limpkin02.bmp	SnowyEgret05.bmp	WoodStork04.bmp	Different
357	WadingBirds	SnowyEgret	5	4	3	SnowyEgret10.bmp	ReddishEgret07.bmp	ReddishEgret08.bmp	Black-crownedNight-Heron02.bmp	GreatBlueHeron03.bmp	GreatEgret04.bmp	Limpkin02.bmp	SnowyEgret05.bmp	WoodStork04.bmp	Different
358	WadingBirds	WoodStork	6	4	2	WoodStork08.bmp	RoseateSpoonbill04.bmp	WhiteIbis04.bmp	Black-crownedNight-Heron02.bmp	GreatBlueHeron03.bmp	GreatEgret04.bmp	Limpkin02.bmp	SnowyEgret05.bmp	WoodStork04.bmp	Different
359	WadingBirds	SnowyEgret	5	3	3	SnowyEgret09.bmp	CattleEgret05.bmp	ReddishEgret04.bmp	Black-crownedNight-Heron02.bmp	GreatBlueHeron03.bmp	GreatEgret04.bmp	Limpkin02.bmp	SnowyEgret05.bmp	WoodStork04.bmp	Different
360	WadingBirds	Limpkin	4	3	2	Limpkin06.bmp	RoseateSpoonbill07.bmp	SandhillCrane06.bmp	Black-crownedNight-Heron02.bmp	GreatBlueHeron03.bmp	GreatEgret04.bmp	Limpkin02.bmp	SnowyEgret05.bmp	WoodStork04.bmp	Different
361	WadingBirds	GreatEgret	3	4	1	GreatEgret09.bmp	TricoloredHeron03.bmp	TricoloredHeron10.bmp	Black-crownedNight-Heron02.bmp	GreatBlueHeron03.bmp	GreatEgret04.bmp	Limpkin02.bmp	SnowyEgret05.bmp	WoodStork04.bmp	Different
362	WadingBirds	Limpkin	4	2	2	Limpkin04.bmp	SandhillCrane05.bmp	GlossyIbis03.bmp	Black-crownedNight-Heron02.bmp	GreatBlueHeron03.bmp	GreatEgret04.bmp	Limpkin02.bmp	SnowyEgret05.bmp	WoodStork04.bmp	Different
363	WadingBirds	Black-crownedNight-Heron	1	4	3	Black-crownedNight-Heron09.bmp	LeastBittern07.bmp	Yellow-crownedNight-Heron06.bmp	Black-crownedNight-Heron02.bmp	GreatBlueHeron03.bmp	GreatEgret04.bmp	Limpkin02.bmp	SnowyEgret05.bmp	WoodStork04.bmp	Different
364	WadingBirds	SnowyEgret	5	2	2	SnowyEgret08.bmp	CattleEgret06.bmp	LittleBlueHeron10.bmp	Black-crownedNight-Heron02.bmp	GreatBlueHeron03.bmp	GreatEgret04.bmp	Limpkin02.bmp	SnowyEgret05.bmp	WoodStork04.bmp	Different
365	WadingBirds	GreatBlueHeron	2	4	1	GreatBlueHeron10.bmp	GlossyIbis05.bmp	GlossyIbis08.bmp	Black-crownedNight-Heron02.bmp	GreatBlueHeron03.bmp	GreatEgret04.bmp	Limpkin02.bmp	SnowyEgret05.bmp	WoodStork04.bmp	Different
366	WadingBirds	WoodStork	6	3	1	WoodStork05.bmp	WhoopingCrane10.bmp	RoseateSpoonbill09.bmp	Black-crownedNight-Heron02.bmp	GreatBlueHeron03.bmp	GreatEgret04.bmp	Limpkin02.bmp	SnowyEgret05.bmp	WoodStork04.bmp	Different
367	WadingBirds	Black-crownedNight-Heron	1	3	1	Black-crownedNight-Heron08.bmp	LeastBittern02.bmp	LeastBittern09.bmp	Black-crownedNight-Heron02.bmp	GreatBlueHeron03.bmp	GreatEgret04.bmp	Limpkin02.bmp	SnowyEgret05.bmp	WoodStork04.bmp	Different
368	WadingBirds	GreatBlueHeron	2	2	2	GreatBlueHeron06.bmp	LittleBlueHeron03.bmp	LittleBlueHeron07.bmp	Black-crownedNight-Heron02.bmp	GreatBlueHeron03.bmp	GreatEgret04.bmp	Limpkin02.bmp	SnowyEgret05.bmp	WoodStork04.bmp	Different
369	WadingBirds	GreatEgret	3	2	3	GreatEgret07.bmp	ReddishEgret08.bmp	TricoloredHeron03.bmp	Black-crownedNight-Heron02.bmp	GreatBlueHeron03.bmp	GreatEgret04.bmp	Limpkin02.bmp	SnowyEgret05.bmp	WoodStork04.bmp	Different
370	WadingBirds	Limpkin	4	4	2	Limpkin08.bmp	GlossyIbis03.bmp	RoseateSpoonbill07.bmp	Black-crownedNight-Heron02.bmp	GreatBlueHeron03.bmp	GreatEgret04.bmp	Limpkin02.bmp	SnowyEgret05.bmp	WoodStork04.bmp	Different
371	WadingBirds	GreatEgret	3	3	2	GreatEgret08.bmp	LittleBlueHeron05.bmp	LittleBlueHeron08.bmp	Black-crownedNight-Heron02.bmp	GreatBlueHeron03.bmp	GreatEgret04.bmp	Limpkin02.bmp	SnowyEgret05.bmp	WoodStork04.bmp	Different
372	WadingBirds	GreatBlueHeron	2	3	1	GreatBlueHeron08.bmp	GlossyIbis05.bmp	GlossyIbis08.bmp	Black-crownedNight-Heron02.bmp	GreatBlueHeron03.bmp	GreatEgret04.bmp	Limpkin02.bmp	SnowyEgret05.bmp	WoodStork04.bmp	Different
373	WadingBirds	Black-crownedNight-Heron	1	2	2	Black-crownedNight-Heron07.bmp	GreenHeron09.bmp	LeastBittern05.bmp	Black-crownedNight-Heron02.bmp	GreatBlueHeron03.bmp	GreatEgret04.bmp	Limpkin02.bmp	SnowyEgret05.bmp	WoodStork04.bmp	Different
374	WadingBirds	WoodStork	6	2	2	WoodStork03.bmp	TricoloredHeron10.bmp	WhiteIbis04.bmp	Black-crownedNight-Heron02.bmp	GreatBlueHeron03.bmp	GreatEgret04.bmp	Limpkin02.bmp	SnowyEgret05.bmp	WoodStork04.bmp	Different
375	WadingBirds	SnowyEgret	5	4	3	SnowyEgret10.bmp	ReddishEgret04.bmp	TricoloredHeron02.bmp	Black-crownedNight-Heron02.bmp	GreatBlueHeron03.bmp	GreatEgret04.bmp	Limpkin02.bmp	SnowyEgret05.bmp	WoodStork04.bmp	Different
376	WadingBirds	WoodStork	6	4	1	WoodStork08.bmp	RoseateSpoonbill10.bmp	WhiteIbis03.bmp	Black-crownedNight-Heron02.bmp	GreatBlueHeron03.bmp	GreatEgret04.bmp	Limpkin02.bmp	SnowyEgret05.bmp	WoodStork04.bmp	Different
377	WadingBirds	SnowyEgret	5	3	1	SnowyEgret09.bmp	CattleEgret04.bmp	CattleEgret06.bmp	Black-crownedNight-Heron02.bmp	GreatBlueHeron03.bmp	GreatEgret04.bmp	Limpkin02.bmp	SnowyEgret05.bmp	WoodStork04.bmp	Different
378	WadingBirds	Limpkin	4	3	2	Limpkin06.bmp	SandhillCrane05.bmp	SandhillCrane07.bmp	Black-crownedNight-Heron02.bmp	GreatBlueHeron03.bmp	GreatEgret04.bmp	Limpkin02.bmp	SnowyEgret05.bmp	WoodStork04.bmp	Different
379	WadingBirds	GreatEgret	3	4	3	GreatEgret09.bmp	TricoloredHeron05.bmp	WhoopingCrane10.bmp	Black-crownedNight-Heron02.bmp	GreatBlueHeron03.bmp	GreatEgret04.bmp	Limpkin02.bmp	SnowyEgret05.bmp	WoodStork04.bmp	Different
380	WadingBirds	Limpkin	4	2	1	Limpkin04.bmp	GlossyIbis04.bmp	SandhillCrane03.bmp	Black-crownedNight-Heron02.bmp	GreatBlueHeron03.bmp	GreatEgret04.bmp	Limpkin02.bmp	SnowyEgret05.bmp	WoodStork04.bmp	Different
381	WadingBirds	Black-crownedNight-Heron	1	4	3	Black-crownedNight-Heron09.bmp	LeastBittern08.bmp	LeastBittern10.bmp	Black-crownedNight-Heron02.bmp	GreatBlueHeron03.bmp	GreatEgret04.bmp	Limpkin02.bmp	SnowyEgret05.bmp	WoodStork04.bmp	Different
382	WadingBirds	SnowyEgret	5	2	2	SnowyEgret08.bmp	CattleEgret01.bmp	ReddishEgret07.bmp	Black-crownedNight-Heron02.bmp	GreatBlueHeron03.bmp	GreatEgret04.bmp	Limpkin02.bmp	SnowyEgret05.bmp	WoodStork04.bmp	Different
383	WadingBirds	GreatBlueHeron	2	4	3	GreatBlueHeron10.bmp	GlossyIbis07.bmp	GlossyIbis06.bmp	Black-crownedNight-Heron02.bmp	GreatBlueHeron03.bmp	GreatEgret04.bmp	Limpkin02.bmp	SnowyEgret05.bmp	WoodStork04.bmp	Different
384	WadingBirds	WoodStork	6	3	2	WoodStork05.bmp	WhiteIbis02.bmp	WhiteIbis07.bmp	Black-crownedNight-Heron02.bmp	GreatBlueHeron03.bmp	GreatEgret04.bmp	Limpkin02.bmp	SnowyEgret05.bmp	WoodStork04.bmp	Different